170,85,2959,3004,2854,2955,3950,3025,2966,2999,0,0,0,0,0,0,0,0,0,0,0,0,0,0,0,0,0,0,0,0,0,0,0,0,0,0,0,251,251
170,85,3114,2932,2875,2932,4302,3004,2976,3017,0,0,0,0,0,0,0,0,0,0,0,0,0,0,0,0,0,0,0,0,0,0,0,0,0,0,0,233,251
170,85,3098,2927,2854,2964,4310,3010,2978,3042,0,0,0,0,0,0,0,0,0,0,0,0,0,0,0,0,0,0,0,0,0,0,0,0,0,0,0,112,251
170,85,3114,2920,2845,2970,4298,3032,2979,3012,0,0,0,0,0,0,0,0,0,0,0,0,0,0,0,0,0,0,0,0,0,0,0,0,0,0,0,83,251
170,85,3116,2960,2852,2961,4301,3016,2988,3010,0,0,0,0,0,0,0,0,0,0,0,0,0,0,0,0,0,0,0,0,0,0,0,0,0,0,0,129,251
170,85,3130,2937,2853,2945,4360,3039,3007,3032,0,0,0,0,0,0,0,0,0,0,0,0,0,0,0,0,0,0,0,0,0,0,0,0,0,0,0,181,251
170,85,3136,2966,2875,2959,4356,3020,2969,3022,0,0,0,0,0,0,0,0,0,0,0,0,0,0,0,0,0,0,0,0,0,0,0,0,0,0,0,31,250
170,85,3115,2928,2847,2965,4300,3045,2979,3000,0,0,0,0,0,0,0,0,0,0,0,0,0,0,0,0,0,0,0,0,0,0,0,0,0,0,0,0,251
170,85,3099,2926,2868,2972,4300,3040,3013,3012,0,0,0,0,0,0,0,0,0,0,0,0,0,0,0,0,0,0,0,0,0,0,0,0,0,0,0,19,251
170,85,3115,2933,2852,2940,4318,3034,2996,3031,0,0,0,0,0,0,0,0,0,0,0,0,0,0,0,0,0,0,0,0,0,0,0,0,0,0,0,130,251
170,85,3104,2919,2887,2973,4318,3016,2978,3027,0,0,0,0,0,0,0,0,0,0,0,0,0,0,0,0,0,0,0,0,0,0,0,0,0,0,0,25,251
170,85,3131,2948,2889,2944,4355,3006,2974,3000,0,0,0,0,0,0,0,0,0,0,0,0,0,0,0,0,0,0,0,0,0,0,0,0,0,0,0,15,251
170,85,3113,2933,2866,2960,4320,3018,2967,3006,0,0,0,0,0,0,0,0,0,0,0,0,0,0,0,0,0,0,0,0,0,0,0,0,0,0,0,30,251
170,85,3144,2932,2870,2934,4363,2999,2962,3016,0,0,0,0,0,0,0,0,0,0,0,0,0,0,0,0,0,0,0,0,0,0,0,0,0,0,0,120,251
170,85,3126,2966,2855,2950,4357,3001,2983,3012,0,0,0,0,0,0,0,0,0,0,0,0,0,0,0,0,0,0,0,0,0,0,0,0,0,0,0,60,251
170,85,3102,2920,2860,2971,4325,3015,2979,3011,0,0,0,0,0,0,0,0,0,0,0,0,0,0,0,0,0,0,0,0,0,0,0,0,0,0,0,96,251
170,85,3114,2920,2860,2959,4364,3041,3000,3001,0,0,0,0,0,0,0,0,0,0,0,0,0,0,0,0,0,0,0,0,0,0,0,0,0,0,0,239,251
170,85,3115,2932,2875,2931,4361,3010,2989,3033,0,0,0,0,0,0,0,0,0,0,0,0,0,0,0,0,0,0,0,0,0,0,0,0,0,0,0,74,251
170,85,3113,2928,2875,2932,4366,3028,2984,3028,0,0,0,0,0,0,0,0,0,0,0,0,0,0,0,0,0,0,0,0,0,0,0,0,0,0,0,82,251
170,85,3114,2960,2847,2974,4329,3038,2999,3014,0,0,0,0,0,0,0,0,0,0,0,0,0,0,0,0,0,0,0,0,0,0,0,0,0,0,0,158,250
170,85,3137,2932,2855,2973,4339,3044,2994,3040,0,0,0,0,0,0,0,0,0,0,0,0,0,0,0,0,0,0,0,0,0,0,0,0,0,0,0,41,251
170,85,3130,2948,2861,2964,4318,3018,2980,3022,0,0,0,0,0,0,0,0,0,0,0,0,0,0,0,0,0,0,0,0,0,0,0,0,0,0,0,154,251
170,85,3112,2933,2860,2938,4366,3031,2980,3022,0,0,0,0,0,0,0,0,0,0,0,0,0,0,0,0,0,0,0,0,0,0,0,0,0,0,0,90,251
170,85,3113,2967,2854,2949,4363,3040,2965,3005,0,0,0,0,0,0,0,0,0,0,0,0,0,0,0,0,0,0,0,0,0,0,0,0,0,0,0,60,251
170,85,3098,2966,2861,2966,4331,2994,2984,3007,0,0,0,0,0,0,0,0,0,0,0,0,0,0,0,0,0,0,0,0,0,0,0,0,0,0,0,154,251
170,85,3097,2928,2861,2939,4333,3000,2984,3012,0,0,0,0,0,0,0,0,0,0,0,0,0,0,0,0,0,0,0,0,0,0,0,0,0,0,0,229,251
170,85,3117,2933,2855,2969,4366,3041,3007,3012,0,0,0,0,0,0,0,0,0,0,0,0,0,0,0,0,0,0,0,0,0,0,0,0,0,0,0,144,251
170,85,3116,2929,2862,2978,4329,3006,2979,3013,0,0,0,0,0,0,0,0,0,0,0,0,0,0,0,0,0,0,0,0,0,0,0,0,0,0,0,3,251
170,85,3138,2962,2860,2950,4369,3011,2968,3017,0,0,0,0,0,0,0,0,0,0,0,0,0,0,0,0,0,0,0,0,0,0,0,0,0,0,0,27,251
170,85,3114,2938,2876,2933,4334,3024,2985,3018,0,0,0,0,0,0,0,0,0,0,0,0,0,0,0,0,0,0,0,0,0,0,0,0,0,0,0,167,251
170,85,3099,2960,2855,2940,4333,3011,2985,3027,0,0,0,0,0,0,0,0,0,0,0,0,0,0,0,0,0,0,0,0,0,0,0,0,0,0,0,103,251
170,85,3144,2933,2855,2949,4369,2993,2998,3000,0,0,0,0,0,0,0,0,0,0,0,0,0,0,0,0,0,0,0,0,0,0,0,0,0,0,0,211,251
170,85,3116,2933,2868,2972,4366,3018,2980,3028,0,0,0,0,0,0,0,0,0,0,0,0,0,0,0,0,0,0,0,0,0,0,0,0,0,0,0,167,251
170,85,3137,2961,2854,2938,4328,3033,2980,3041,0,0,0,0,0,0,0,0,0,0,0,0,0,0,0,0,0,0,0,0,0,0,0,0,0,0,0,27,251
170,85,3112,2938,2855,2962,4371,3034,2979,2994,0,0,0,0,0,0,0,0,0,0,0,0,0,0,0,0,0,0,0,0,0,0,0,0,0,0,0,221,250
170,85,2972,2984,2855,2963,3964,3037,2986,2982,0,0,0,0,0,0,0,0,0,0,0,0,0,0,0,0,0,0,0,0,0,0,0,0,0,0,0,214,251
170,85,3097,2938,2875,2933,4334,3017,3006,3039,0,0,0,0,0,0,0,0,0,0,0,0,0,0,0,0,0,0,0,0,0,0,0,0,0,0,0,136,251
170,85,3125,2927,2866,2965,4374,3016,2996,3003,0,0,0,0,0,0,0,0,0,0,0,0,0,0,0,0,0,0,0,0,0,0,0,0,0,0,0,206,251
170,85,3111,2966,2845,2965,4343,3016,2983,3001,0,0,0,0,0,0,0,0,0,0,0,0,0,0,0,0,0,0,0,0,0,0,0,0,0,0,0,251,251
170,85,3112,2947,2872,2944,4341,3040,2963,3031,0,0,0,0,0,0,0,0,0,0,0,0,0,0,0,0,0,0,0,0,0,0,0,0,0,0,0,161,251
170,85,3137,2927,2846,2942,4377,3016,2999,3017,0,0,0,0,0,0,0,0,0,0,0,0,0,0,0,0,0,0,0,0,0,0,0,0,0,0,0,3,251
170,85,3114,2968,2887,2964,4341,3002,2980,2984,0,0,0,0,0,0,0,0,0,0,0,0,0,0,0,0,0,0,0,0,0,0,0,0,0,0,0,193,251
170,85,3112,2941,2860,2938,4341,3017,2974,3032,0,0,0,0,0,0,0,0,0,0,0,0,0,0,0,0,0,0,0,0,0,0,0,0,0,0,0,154,251
170,85,3113,2920,2867,2973,4340,3018,2967,3000,0,0,0,0,0,0,0,0,0,0,0,0,0,0,0,0,0,0,0,0,0,0,0,0,0,0,0,29,251
170,85,3129,2948,2867,2971,4345,3008,2960,3038,0,0,0,0,0,0,0,0,0,0,0,0,0,0,0,0,0,0,0,0,0,0,0,0,0,0,0,129,251
170,85,3097,2933,2865,2971,4340,3006,2994,3026,0,0,0,0,0,0,0,0,0,0,0,0,0,0,0,0,0,0,0,0,0,0,0,0,0,0,0,15,251
170,85,3097,2919,2854,2933,4376,3018,2980,3017,0,0,0,0,0,0,0,0,0,0,0,0,0,0,0,0,0,0,0,0,0,0,0,0,0,0,0,112,251
170,85,3137,2921,2853,2972,4344,3000,2968,2997,0,0,0,0,0,0,0,0,0,0,0,0,0,0,0,0,0,0,0,0,0,0,0,0,0,0,0,31,251
170,85,3113,2928,2853,2939,4379,3018,2967,3022,0,0,0,0,0,0,0,0,0,0,0,0,0,0,0,0,0,0,0,0,0,0,0,0,0,0,0,109,251
170,85,3112,2949,2861,2965,4346,3017,3000,3022,0,0,0,0,0,0,0,0,0,0,0,0,0,0,0,0,0,0,0,0,0,0,0,0,0,0,0,179,251
170,85,3145,2928,2867,2939,4347,3019,3003,3039,0,0,0,0,0,0,0,0,0,0,0,0,0,0,0,0,0,0,0,0,0,0,0,0,0,0,0,198,251
170,85,3114,2933,2888,2972,4344,3018,3001,3041,0,0,0,0,0,0,0,0,0,0,0,0,0,0,0,0,0,0,0,0,0,0,0,0,0,0,0,2,251
170,85,3097,2961,2866,2945,4343,3028,2985,3027,0,0,0,0,0,0,0,0,0,0,0,0,0,0,0,0,0,0,0,0,0,0,0,0,0,0,0,129,251
170,85,3097,2920,2860,2979,4382,3018,2980,3009,0,0,0,0,0,0,0,0,0,0,0,0,0,0,0,0,0,0,0,0,0,0,0,0,0,0,0,173,251
170,85,3114,2966,2888,2948,4381,3018,2981,3021,0,0,0,0,0,0,0,0,0,0,0,0,0,0,0,0,0,0,0,0,0,0,0,0,0,0,0,45,251
170,85,3115,2928,2846,2960,4342,3035,2978,3013,0,0,0,0,0,0,0,0,0,0,0,0,0,0,0,0,0,0,0,0,0,0,0,0,0,0,0,124,251
170,85,3114,2921,2860,2972,4379,3016,2979,3018,0,0,0,0,0,0,0,0,0,0,0,0,0,0,0,0,0,0,0,0,0,0,0,0,0,0,0,171,250
170,85,3136,2920,2857,2960,4382,3029,3001,3033,0,0,0,0,0,0,0,0,0,0,0,0,0,0,0,0,0,0,0,0,0,0,0,0,0,0,0,216,250
170,85,3137,2933,2894,2944,4341,3015,2984,3017,0,0,0,0,0,0,0,0,0,0,0,0,0,0,0,0,0,0,0,0,0,0,0,0,0,0,0,74,251
170,85,3136,2937,2854,2944,4341,3017,2985,3012,0,0,0,0,0,0,0,0,0,0,0,0,0,0,0,0,0,0,0,0,0,0,0,0,0,0,0,45,251
170,85,3113,2932,2854,2945,4344,3044,2979,3012,0,0,0,0,0,0,0,0,0,0,0,0,0,0,0,0,0,0,0,0,0,0,0,0,0,0,0,98,251
170,85,3136,2919,2893,2963,4339,3035,2986,2989,0,0,0,0,0,0,0,0,0,0,0,0,0,0,0,0,0,0,0,0,0,0,0,0,0,0,0,53,250
170,85,3143,2918,2852,2932,4343,3042,2985,3018,0,0,0,0,0,0,0,0,0,0,0,0,0,0,0,0,0,0,0,0,0,0,0,0,0,0,0,228,251
170,85,3113,2928,2867,2979,4384,3035,3007,3037,0,0,0,0,0,0,0,0,0,0,0,0,0,0,0,0,0,0,0,0,0,0,0,0,0,0,0,178,251
170,85,3125,2960,2887,2933,4344,3007,2994,3014,0,0,0,0,0,0,0,0,0,0,0,0,0,0,0,0,0,0,0,0,0,0,0,0,0,0,0,71,250
170,85,3125,2936,2860,2965,4344,3017,2980,3027,0,0,0,0,0,0,0,0,0,0,0,0,0,0,0,0,0,0,0,0,0,0,0,0,0,0,0,81,250
170,85,3144,2932,2860,2933,4346,3019,2989,3017,0,0,0,0,0,0,0,0,0,0,0,0,0,0,0,0,0,0,0,0,0,0,0,0,0,0,0,211,251
170,85,3102,2966,2865,2941,4343,3017,2968,3009,0,0,0,0,0,0,0,0,0,0,0,0,0,0,0,0,0,0,0,0,0,0,0,0,0,0,0,64,250
170,85,3115,2948,2861,2959,4343,3006,3001,3040,0,0,0,0,0,0,0,0,0,0,0,0,0,0,0,0,0,0,0,0,0,0,0,0,0,0,0,254,251
170,85,3114,2927,2865,2971,4384,3019,3007,3027,0,0,0,0,0,0,0,0,0,0,0,0,0,0,0,0,0,0,0,0,0,0,0,0,0,0,0,138,251
170,85,3112,2933,2867,2933,4380,3004,3006,3021,0,0,0,0,0,0,0,0,0,0,0,0,0,0,0,0,0,0,0,0,0,0,0,0,0,0,0,42,251
170,85,3129,2932,2851,2950,4352,3035,2968,3018,0,0,0,0,0,0,0,0,0,0,0,0,0,0,0,0,0,0,0,0,0,0,0,0,0,0,0,131,250
170,85,3102,2933,2859,2972,4345,3018,2986,3033,0,0,0,0,0,0,0,0,0,0,0,0,0,0,0,0,0,0,0,0,0,0,0,0,0,0,0,127,251
170,85,3129,2966,2846,2954,4348,3023,2999,3012,0,0,0,0,0,0,0,0,0,0,0,0,0,0,0,0,0,0,0,0,0,0,0,0,0,0,0,152,251
170,85,3138,2960,2860,2939,4363,3018,2969,3011,0,0,0,0,0,0,0,0,0,0,0,0,0,0,0,0,0,0,0,0,0,0,0,0,0,0,0,252,251
170,85,3113,2933,2867,2949,4388,3019,2987,3041,0,0,0,0,0,0,0,0,0,0,0,0,0,0,0,0,0,0,0,0,0,0,0,0,0,0,0,173,251
170,85,3144,2921,2865,2944,4380,3018,3001,3018,0,0,0,0,0,0,0,0,0,0,0,0,0,0,0,0,0,0,0,0,0,0,0,0,0,0,0,215,251
170,85,3125,2936,2853,2960,4394,3020,2966,3013,0,0,0,0,0,0,0,0,0,0,0,0,0,0,0,0,0,0,0,0,0,0,0,0,0,0,0,175,250
170,85,3113,2928,2887,2944,4344,3036,2986,3013,0,0,0,0,0,0,0,0,0,0,0,0,0,0,0,0,0,0,0,0,0,0,0,0,0,0,0,54,251
170,85,3113,2938,2861,2931,4389,3002,2974,2991,0,0,0,0,0,0,0,0,0,0,0,0,0,0,0,0,0,0,0,0,0,0,0,0,0,0,0,65,251
170,85,3120,2960,2886,2953,4349,3020,2969,3047,0,0,0,0,0,0,0,0,0,0,0,0,0,0,0,0,0,0,0,0,0,0,0,0,0,0,0,195,250
170,85,3126,2933,2860,2931,4386,3007,3001,3040,0,0,0,0,0,0,0,0,0,0,0,0,0,0,0,0,0,0,0,0,0,0,0,0,0,0,0,58,251
170,85,3125,2953,2868,2933,4348,3034,2975,3024,0,0,0,0,0,0,0,0,0,0,0,0,0,0,0,0,0,0,0,0,0,0,0,0,0,0,0,119,251
170,85,3127,2919,2853,2974,4398,3041,2985,3017,0,0,0,0,0,0,0,0,0,0,0,0,0,0,0,0,0,0,0,0,0,0,0,0,0,0,0,166,251
170,85,3114,2935,2866,2931,4347,3018,2999,3013,0,0,0,0,0,0,0,0,0,0,0,0,0,0,0,0,0,0,0,0,0,0,0,0,0,0,0,188,251
170,85,3113,2926,2853,2961,4380,3042,3010,3056,0,0,0,0,0,0,0,0,0,0,0,0,0,0,0,0,0,0,0,0,0,0,0,0,0,0,0,221,250
170,85,3136,2934,2866,2972,4362,3024,2999,3034,0,0,0,0,0,0,0,0,0,0,0,0,0,0,0,0,0,0,0,0,0,0,0,0,0,0,0,205,251
170,85,3129,2948,2867,2929,4384,3019,3008,3019,0,0,0,0,0,0,0,0,0,0,0,0,0,0,0,0,0,0,0,0,0,0,0,0,0,0,0,253,250
170,85,3097,2921,2860,2966,4349,3043,2999,3008,0,0,0,0,0,0,0,0,0,0,0,0,0,0,0,0,0,0,0,0,0,0,0,0,0,0,0,64,250
170,85,3138,2960,2854,2964,4344,3024,3009,3033,0,0,0,0,0,0,0,0,0,0,0,0,0,0,0,0,0,0,0,0,0,0,0,0,0,0,0,179,250
170,85,3126,2933,2853,2942,4347,3021,2981,2990,0,0,0,0,0,0,0,0,0,0,0,0,0,0,0,0,0,0,0,0,0,0,0,0,0,0,0,198,250
170,85,3115,2953,2855,2965,4346,3041,3002,3018,0,0,0,0,0,0,0,0,0,0,0,0,0,0,0,0,0,0,0,0,0,0,0,0,0,0,0,152,251
170,85,3137,2961,2855,2949,4347,3018,2981,3023,0,0,0,0,0,0,0,0,0,0,0,0,0,0,0,0,0,0,0,0,0,0,0,0,0,0,0,202,251
170,85,3116,2933,2865,2971,4347,3023,2970,2978,0,0,0,0,0,0,0,0,0,0,0,0,0,0,0,0,0,0,0,0,0,0,0,0,0,0,0,28,251
170,85,3113,2955,2861,2938,4346,3019,2990,3018,0,0,0,0,0,0,0,0,0,0,0,0,0,0,0,0,0,0,0,0,0,0,0,0,0,0,0,67,250
170,85,3097,2966,2860,2944,4386,3020,3001,3029,0,0,0,0,0,0,0,0,0,0,0,0,0,0,0,0,0,0,0,0,0,0,0,0,0,0,0,67,251
170,85,3097,2921,2854,2932,4343,3048,2989,3023,0,0,0,0,0,0,0,0,0,0,0,0,0,0,0,0,0,0,0,0,0,0,0,0,0,0,0,188,250
170,85,3100,2935,2867,2952,4379,3018,2979,3013,0,0,0,0,0,0,0,0,0,0,0,0,0,0,0,0,0,0,0,0,0,0,0,0,0,0,0,133,250
170,85,3150,2948,2846,2950,4350,3018,3003,3028,0,0,0,0,0,0,0,0,0,0,0,0,0,0,0,0,0,0,0,0,0,0,0,0,0,0,0,234,250
170,85,3129,2953,2860,2952,4344,3018,2985,3001,0,0,0,0,0,0,0,0,0,0,0,0,0,0,0,0,0,0,0,0,0,0,0,0,0,0,0,213,250
170,85,3129,2937,2861,2965,4344,3043,3000,3013,0,0,0,0,0,0,0,0,0,0,0,0,0,0,0,0,0,0,0,0,0,0,0,0,0,0,0,125,250
170,85,3112,2921,2856,2959,4379,3020,2981,3040,0,0,0,0,0,0,0,0,0,0,0,0,0,0,0,0,0,0,0,0,0,0,0,0,0,0,0,150,250
170,85,3148,2963,2853,2945,4385,3018,2980,3028,0,0,0,0,0,0,0,0,0,0,0,0,0,0,0,0,0,0,0,0,0,0,0,0,0,0,0,2,250
170,85,3112,2921,2865,2959,4350,3017,3000,3002,0,0,0,0,0,0,0,0,0,0,0,0,0,0,0,0,0,0,0,0,0,0,0,0,0,0,0,41,250
170,85,3128,2932,2866,2973,4380,3008,3002,3013,0,0,0,0,0,0,0,0,0,0,0,0,0,0,0,0,0,0,0,0,0,0,0,0,0,0,0,162,251
170,85,3115,2928,2876,2932,4380,3005,2965,3002,0,0,0,0,0,0,0,0,0,0,0,0,0,0,0,0,0,0,0,0,0,0,0,0,0,0,0,127,251
170,85,3137,2954,2866,2972,4384,3017,2996,3031,0,0,0,0,0,0,0,0,0,0,0,0,0,0,0,0,0,0,0,0,0,0,0,0,0,0,0,13,251
170,85,3138,2948,2853,2971,4349,3021,2985,3012,0,0,0,0,0,0,0,0,0,0,0,0,0,0,0,0,0,0,0,0,0,0,0,0,0,0,0,198,252
170,85,3140,2960,2853,2945,4386,3042,3009,3041,0,0,0,0,0,0,0,0,0,0,0,0,0,0,0,0,0,0,0,0,0,0,0,0,0,0,0,114,251
170,85,3116,2967,2855,2933,4344,3007,3004,3019,0,0,0,0,0,0,0,0,0,0,0,0,0,0,0,0,0,0,0,0,0,0,0,0,0,0,0,58,251
170,85,3112,2933,2854,2940,4382,3001,2990,3000,0,0,0,0,0,0,0,0,0,0,0,0,0,0,0,0,0,0,0,0,0,0,0,0,0,0,0,84,251
170,85,3138,2938,2866,2943,4344,3018,3001,3017,0,0,0,0,0,0,0,0,0,0,0,0,0,0,0,0,0,0,0,0,0,0,0,0,0,0,0,212,251
170,85,3115,2961,2868,2971,4349,3019,2984,3007,0,0,0,0,0,0,0,0,0,0,0,0,0,0,0,0,0,0,0,0,0,0,0,0,0,0,0,215,251
170,85,3111,2920,2852,2964,4348,3036,2985,2994,0,0,0,0,0,0,0,0,0,0,0,0,0,0,0,0,0,0,0,0,0,0,0,0,0,0,0,39,251
170,85,3114,2920,2854,2932,4386,3021,2986,2985,0,0,0,0,0,0,0,0,0,0,0,0,0,0,0,0,0,0,0,0,0,0,0,0,0,0,0,30,251
170,85,3114,2961,2866,2934,4348,3013,2972,3023,0,0,0,0,0,0,0,0,0,0,0,0,0,0,0,0,0,0,0,0,0,0,0,0,0,0,0,118,251
170,85,3120,2938,2855,2936,4348,3042,2987,3040,0,0,0,0,0,0,0,0,0,0,0,0,0,0,0,0,0,0,0,0,0,0,0,0,0,0,0,163,252
170,85,3112,2961,2861,2945,4351,3043,3000,3033,0,0,0,0,0,0,0,0,0,0,0,0,0,0,0,0,0,0,0,0,0,0,0,0,0,0,0,139,251
170,85,3137,2953,2888,2944,4351,3002,2968,2984,0,0,0,0,0,0,0,0,0,0,0,0,0,0,0,0,0,0,0,0,0,0,0,0,0,0,0,150,251
170,85,3125,2954,2853,2940,4348,3018,2982,3014,0,0,0,0,0,0,0,0,0,0,0,0,0,0,0,0,0,0,0,0,0,0,0,0,0,0,0,83,251
170,85,3116,2933,2866,2965,4346,3036,2987,3015,0,0,0,0,0,0,0,0,0,0,0,0,0,0,0,0,0,0,0,0,0,0,0,0,0,0,0,87,252
170,85,3097,2960,2869,2974,4351,3036,2970,3022,0,0,0,0,0,0,0,0,0,0,0,0,0,0,0,0,0,0,0,0,0,0,0,0,0,0,0,182,252
170,85,3102,2948,2867,2960,4397,3019,2965,3019,0,0,0,0,0,0,0,0,0,0,0,0,0,0,0,0,0,0,0,0,0,0,0,0,0,0,0,99,252
170,85,3114,2928,2854,2932,4347,3018,2980,3008,0,0,0,0,0,0,0,0,0,0,0,0,0,0,0,0,0,0,0,0,0,0,0,0,0,0,0,190,251
170,85,3130,2953,2872,2940,4348,3019,2989,3005,0,0,0,0,0,0,0,0,0,0,0,0,0,0,0,0,0,0,0,0,0,0,0,0,0,0,0,51,251
170,85,3098,2928,2860,2950,4347,3002,3000,3002,0,0,0,0,0,0,0,0,0,0,0,0,0,0,0,0,0,0,0,0,0,0,0,0,0,0,0,96,251
170,85,3114,2921,2846,2980,4389,3019,3001,3034,0,0,0,0,0,0,0,0,0,0,0,0,0,0,0,0,0,0,0,0,0,0,0,0,0,0,0,150,252
170,85,3115,2920,2860,2931,4387,3018,2970,2984,0,0,0,0,0,0,0,0,0,0,0,0,0,0,0,0,0,0,0,0,0,0,0,0,0,0,0,37,251
170,85,3114,2937,2860,2941,4384,3024,3000,3007,0,0,0,0,0,0,0,0,0,0,0,0,0,0,0,0,0,0,0,0,0,0,0,0,0,0,0,23,252
170,85,3114,2933,2855,2933,4342,3029,2981,2996,0,0,0,0,0,0,0,0,0,0,0,0,0,0,0,0,0,0,0,0,0,0,0,0,0,0,0,220,252
170,85,3131,2960,2867,2972,4344,3018,2987,3018,0,0,0,0,0,0,0,0,0,0,0,0,0,0,0,0,0,0,0,0,0,0,0,0,0,0,0,180,252
170,85,3125,2967,2860,2961,4341,3013,3009,3007,0,0,0,0,0,0,0,0,0,0,0,0,0,0,0,0,0,0,0,0,0,0,0,0,0,0,0,178,252
170,85,3115,2921,2888,2973,4343,3018,2986,3017,0,0,0,0,0,0,0,0,0,0,0,0,0,0,0,0,0,0,0,0,0,0,0,0,0,0,0,42,252
170,85,3114,2933,2855,2964,4377,3008,2969,3004,0,0,0,0,0,0,0,0,0,0,0,0,0,0,0,0,0,0,0,0,0,0,0,0,0,0,0,242,252
170,85,3115,2960,2888,2932,4345,3035,2985,3018,0,0,0,0,0,0,0,0,0,0,0,0,0,0,0,0,0,0,0,0,0,0,0,0,0,0,0,37,252
170,85,3112,2968,2852,2945,4344,3019,2974,3007,0,0,0,0,0,0,0,0,0,0,0,0,0,0,0,0,0,0,0,0,0,0,0,0,0,0,0,228,252
170,85,3136,2948,2855,2952,4343,3017,2986,3001,0,0,0,0,0,0,0,0,0,0,0,0,0,0,0,0,0,0,0,0,0,0,0,0,0,0,0,165,252
170,85,3153,2961,2855,2980,4383,3018,3000,3001,0,0,0,0,0,0,0,0,0,0,0,0,0,0,0,0,0,0,0,0,0,0,0,0,0,0,0,117,252
170,85,3114,2933,2866,2950,4378,3041,2968,2995,0,0,0,0,0,0,0,0,0,0,0,0,0,0,0,0,0,0,0,0,0,0,0,0,0,0,0,217,252
170,85,3103,2939,2868,2951,4384,3001,2968,3006,0,0,0,0,0,0,0,0,0,0,0,0,0,0,0,0,0,0,0,0,0,0,0,0,0,0,0,138,252
170,85,3138,2960,2861,2933,4379,3007,2986,3006,0,0,0,0,0,0,0,0,0,0,0,0,0,0,0,0,0,0,0,0,0,0,0,0,0,0,0,216,252
170,85,3113,2949,2861,2961,4341,3042,3001,3018,0,0,0,0,0,0,0,0,0,0,0,0,0,0,0,0,0,0,0,0,0,0,0,0,0,0,0,151,251
170,85,3144,2937,2861,2925,4344,3025,2980,3003,0,0,0,0,0,0,0,0,0,0,0,0,0,0,0,0,0,0,0,0,0,0,0,0,0,0,0,164,252
170,85,3114,2920,2860,2965,4378,3023,2985,3001,0,0,0,0,0,0,0,0,0,0,0,0,0,0,0,0,0,0,0,0,0,0,0,0,0,0,0,220,252
170,85,3101,2953,2862,2941,4342,3017,2980,3017,0,0,0,0,0,0,0,0,0,0,0,0,0,0,0,0,0,0,0,0,0,0,0,0,0,0,0,118,252
170,85,3098,2932,2872,2972,4342,3020,2980,3017,0,0,0,0,0,0,0,0,0,0,0,0,0,0,0,0,0,0,0,0,0,0,0,0,0,0,0,126,252
170,85,3126,2937,2866,2965,4376,3019,2969,3007,0,0,0,0,0,0,0,0,0,0,0,0,0,0,0,0,0,0,0,0,0,0,0,0,0,0,0,255,252
170,85,3145,2967,2866,2964,4384,3019,2970,3028,0,0,0,0,0,0,0,0,0,0,0,0,0,0,0,0,0,0,0,0,0,0,0,0,0,0,0,63,251
170,85,3112,2949,2854,2972,4347,3018,2985,3019,0,0,0,0,0,0,0,0,0,0,0,0,0,0,0,0,0,0,0,0,0,0,0,0,0,0,0,167,252
170,85,3131,2921,2888,2966,4342,3041,2986,3034,0,0,0,0,0,0,0,0,0,0,0,0,0,0,0,0,0,0,0,0,0,0,0,0,0,0,0,8,252
170,85,3113,2949,2867,2945,4349,3017,3009,3032,0,0,0,0,0,0,0,0,0,0,0,0,0,0,0,0,0,0,0,0,0,0,0,0,0,0,0,208,252
170,85,3113,2949,2868,2941,4345,3019,3001,3017,0,0,0,0,0,0,0,0,0,0,0,0,0,0,0,0,0,0,0,0,0,0,0,0,0,0,0,68,252
170,85,3125,2937,2862,2934,4342,3040,2969,3022,0,0,0,0,0,0,0,0,0,0,0,0,0,0,0,0,0,0,0,0,0,0,0,0,0,0,0,182,252
170,85,3131,2927,2847,2936,4345,3035,2989,3018,0,0,0,0,0,0,0,0,0,0,0,0,0,0,0,0,0,0,0,0,0,0,0,0,0,0,0,149,252
170,85,3129,2933,2888,2966,4378,3042,2973,3001,0,0,0,0,0,0,0,0,0,0,0,0,0,0,0,0,0,0,0,0,0,0,0,0,0,0,0,172,252
170,85,3131,2938,2847,2962,4383,3008,2969,3013,0,0,0,0,0,0,0,0,0,0,0,0,0,0,0,0,0,0,0,0,0,0,0,0,0,0,0,173,252
170,85,3116,2954,2856,2965,4350,3019,3000,3006,0,0,0,0,0,0,0,0,0,0,0,0,0,0,0,0,0,0,0,0,0,0,0,0,0,0,0,203,252
170,85,3116,2949,2855,2941,4343,3007,3000,3013,0,0,0,0,0,0,0,0,0,0,0,0,0,0,0,0,0,0,0,0,0,0,0,0,0,0,0,37,251
170,85,3112,2937,2848,2961,4342,2996,2996,3002,0,0,0,0,0,0,0,0,0,0,0,0,0,0,0,0,0,0,0,0,0,0,0,0,0,0,0,79,252
170,85,3112,2934,2852,2946,4342,3020,2984,3007,0,0,0,0,0,0,0,0,0,0,0,0,0,0,0,0,0,0,0,0,0,0,0,0,0,0,0,54,252
170,85,3112,2918,2862,2931,4345,3020,2989,3000,0,0,0,0,0,0,0,0,0,0,0,0,0,0,0,0,0,0,0,0,0,0,0,0,0,0,0,208,252
170,85,3136,2952,2852,2977,4383,3019,3009,3017,0,0,0,0,0,0,0,0,0,0,0,0,0,0,0,0,0,0,0,0,0,0,0,0,0,0,0,115,252
170,85,3116,2949,2862,2941,4342,3036,2968,3013,0,0,0,0,0,0,0,0,0,0,0,0,0,0,0,0,0,0,0,0,0,0,0,0,0,0,0,110,252
170,85,3144,2937,2860,2931,4384,3017,2981,3007,0,0,0,0,0,0,0,0,0,0,0,0,0,0,0,0,0,0,0,0,0,0,0,0,0,0,0,127,252
170,85,3114,2937,2852,2961,4379,3017,2969,2995,0,0,0,0,0,0,0,0,0,0,0,0,0,0,0,0,0,0,0,0,0,0,0,0,0,0,0,252,252
170,85,3130,2927,2866,2972,4341,3034,2981,3019,0,0,0,0,0,0,0,0,0,0,0,0,0,0,0,0,0,0,0,0,0,0,0,0,0,0,0,89,252
170,85,3130,2948,2862,2949,4346,3017,2971,3006,0,0,0,0,0,0,0,0,0,0,0,0,0,0,0,0,0,0,0,0,0,0,0,0,0,0,0,224,252
170,85,3113,2933,2888,2972,4384,3013,3024,3013,0,0,0,0,0,0,0,0,0,0,0,0,0,0,0,0,0,0,0,0,0,0,0,0,0,0,0,154,251
170,85,3144,2933,2866,2936,4346,3042,2969,3040,0,0,0,0,0,0,0,0,0,0,0,0,0,0,0,0,0,0,0,0,0,0,0,0,0,0,0,245,252
170,85,3115,2960,2852,2973,4348,3019,2985,3019,0,0,0,0,0,0,0,0,0,0,0,0,0,0,0,0,0,0,0,0,0,0,0,0,0,0,0,180,252
170,85,3136,2960,2856,2940,4379,3041,2984,3033,0,0,0,0,0,0,0,0,0,0,0,0,0,0,0,0,0,0,0,0,0,0,0,0,0,0,0,237,252
170,85,3130,2933,2866,2973,4379,3035,2986,3043,0,0,0,0,0,0,0,0,0,0,0,0,0,0,0,0,0,0,0,0,0,0,0,0,0,0,0,139,252
170,85,3113,2921,2867,2935,4385,3008,2984,3041,0,0,0,0,0,0,0,0,0,0,0,0,0,0,0,0,0,0,0,0,0,0,0,0,0,0,0,78,251
170,85,3125,2922,2867,2924,4346,3042,2981,3028,0,0,0,0,0,0,0,0,0,0,0,0,0,0,0,0,0,0,0,0,0,0,0,0,0,0,0,138,251
170,85,3130,2928,2851,2945,4384,3057,3009,3017,0,0,0,0,0,0,0,0,0,0,0,0,0,0,0,0,0,0,0,0,0,0,0,0,0,0,0,211,251
170,85,3112,2920,2854,2936,4384,3007,2984,3018,0,0,0,0,0,0,0,0,0,0,0,0,0,0,0,0,0,0,0,0,0,0,0,0,0,0,0,1,251
170,85,3136,2939,2855,2932,4346,3035,2981,2984,0,0,0,0,0,0,0,0,0,0,0,0,0,0,0,0,0,0,0,0,0,0,0,0,0,0,0,167,252
170,85,3114,2937,2855,2964,4347,3019,3007,3022,0,0,0,0,0,0,0,0,0,0,0,0,0,0,0,0,0,0,0,0,0,0,0,0,0,0,0,66,252
170,85,3112,2935,2855,2942,4365,3002,3009,3014,0,0,0,0,0,0,0,0,0,0,0,0,0,0,0,0,0,0,0,0,0,0,0,0,0,0,0,84,252
170,85,3130,2934,2893,2961,4381,3034,2968,2984,0,0,0,0,0,0,0,0,0,0,0,0,0,0,0,0,0,0,0,0,0,0,0,0,0,0,0,133,251
170,85,3143,2921,2847,2947,4345,3042,3009,3033,0,0,0,0,0,0,0,0,0,0,0,0,0,0,0,0,0,0,0,0,0,0,0,0,0,0,0,82,252
170,85,3113,2938,2869,2963,4386,3054,3009,3008,0,0,0,0,0,0,0,0,0,0,0,0,0,0,0,0,0,0,0,0,0,0,0,0,0,0,0,218,252
170,85,3116,2960,2847,2945,4387,3019,2999,3017,0,0,0,0,0,0,0,0,0,0,0,0,0,0,0,0,0,0,0,0,0,0,0,0,0,0,0,86,252
170,85,3117,2954,2847,2942,4345,3034,2968,3000,0,0,0,0,0,0,0,0,0,0,0,0,0,0,0,0,0,0,0,0,0,0,0,0,0,0,0,38,252
170,85,3114,2949,2855,2959,4350,3008,2969,3028,0,0,0,0,0,0,0,0,0,0,0,0,0,0,0,0,0,0,0,0,0,0,0,0,0,0,0,151,252
170,85,3103,2953,2861,2936,4347,3019,2988,3017,0,0,0,0,0,0,0,0,0,0,0,0,0,0,0,0,0,0,0,0,0,0,0,0,0,0,0,117,252
170,85,3137,2938,2867,2950,4366,3001,2980,3001,0,0,0,0,0,0,0,0,0,0,0,0,0,0,0,0,0,0,0,0,0,0,0,0,0,0,0,198,252
170,85,3112,2967,2853,2973,4345,3035,2971,3025,0,0,0,0,0,0,0,0,0,0,0,0,0,0,0,0,0,0,0,0,0,0,0,0,0,0,0,140,251
170,85,3144,2920,2867,2937,4381,3020,2980,3030,0,0,0,0,0,0,0,0,0,0,0,0,0,0,0,0,0,0,0,0,0,0,0,0,0,0,0,43,251
170,85,3131,2922,2854,2973,4345,3008,2986,3017,0,0,0,0,0,0,0,0,0,0,0,0,0,0,0,0,0,0,0,0,0,0,0,0,0,0,0,83,251
170,85,3143,2948,2852,2924,4380,3022,2980,3028,0,0,0,0,0,0,0,0,0,0,0,0,0,0,0,0,0,0,0,0,0,0,0,0,0,0,0,203,251
170,85,3113,2959,2854,2954,4385,3017,2990,3040,0,0,0,0,0,0,0,0,0,0,0,0,0,0,0,0,0,0,0,0,0,0,0,0,0,0,0,78,251
170,85,3111,2960,2893,2950,4347,3020,2985,3034,0,0,0,0,0,0,0,0,0,0,0,0,0,0,0,0,0,0,0,0,0,0,0,0,0,0,0,219,252
170,85,3113,2933,2852,2963,4380,3007,2987,3013,0,0,0,0,0,0,0,0,0,0,0,0,0,0,0,0,0,0,0,0,0,0,0,0,0,0,0,196,251
170,85,3112,2942,2860,2956,4349,3020,2981,3018,0,0,0,0,0,0,0,0,0,0,0,0,0,0,0,0,0,0,0,0,0,0,0,0,0,0,0,75,252
170,85,3126,2933,2867,2924,4349,3008,2964,2983,0,0,0,0,0,0,0,0,0,0,0,0,0,0,0,0,0,0,0,0,0,0,0,0,0,0,0,241,251
170,85,3136,2933,2866,2952,4346,3024,2968,3018,0,0,0,0,0,0,0,0,0,0,0,0,0,0,0,0,0,0,0,0,0,0,0,0,0,0,0,20,251
170,85,3136,2920,2855,2960,4346,3008,2985,3017,0,0,0,0,0,0,0,0,0,0,0,0,0,0,0,0,0,0,0,0,0,0,0,0,0,0,0,38,251
170,85,3143,2949,2847,2960,4349,3017,2985,3012,0,0,0,0,0,0,0,0,0,0,0,0,0,0,0,0,0,0,0,0,0,0,0,0,0,0,0,247,251
170,85,3115,2920,2867,2965,4385,3018,2968,3002,0,0,0,0,0,0,0,0,0,0,0,0,0,0,0,0,0,0,0,0,0,0,0,0,0,0,0,206,251
170,85,3130,2920,2858,2931,4386,3018,2967,3020,0,0,0,0,0,0,0,0,0,0,0,0,0,0,0,0,0,0,0,0,0,0,0,0,0,0,0,90,252
170,85,3113,2951,2889,2946,4385,3018,3000,3018,0,0,0,0,0,0,0,0,0,0,0,0,0,0,0,0,0,0,0,0,0,0,0,0,0,0,0,30,252
170,85,3125,2967,2862,2933,4350,3034,2984,2994,0,0,0,0,0,0,0,0,0,0,0,0,0,0,0,0,0,0,0,0,0,0,0,0,0,0,0,36,252
170,85,3114,2962,2862,2933,4346,3007,3002,3018,0,0,0,0,0,0,0,0,0,0,0,0,0,0,0,0,0,0,0,0,0,0,0,0,0,0,0,53,252
170,85,3098,2952,2855,2961,4365,3042,2985,3008,0,0,0,0,0,0,0,0,0,0,0,0,0,0,0,0,0,0,0,0,0,0,0,0,0,0,0,64,252
170,85,3111,2938,2867,2950,4415,3030,2984,3018,0,0,0,0,0,0,0,0,0,0,0,0,0,0,0,0,0,0,0,0,0,0,0,0,0,0,0,129,252
170,85,3114,2948,2875,2957,4385,3035,3000,3020,0,0,0,0,0,0,0,0,0,0,0,0,0,0,0,0,0,0,0,0,0,0,0,0,0,0,0,116,252
170,85,3113,2934,2860,2934,4415,3020,2985,3033,0,0,0,0,0,0,0,0,0,0,0,0,0,0,0,0,0,0,0,0,0,0,0,0,0,0,0,100,252
170,85,3102,2927,2860,2924,4377,3021,2969,3001,0,0,0,0,0,0,0,0,0,0,0,0,0,0,0,0,0,0,0,0,0,0,0,0,0,0,0,39,252
170,85,3144,2953,2868,2971,4412,3043,3001,3019,0,0,0,0,0,0,0,0,0,0,0,0,0,0,0,0,0,0,0,0,0,0,0,0,0,0,0,33,252
170,85,3111,2949,2861,2963,4382,3025,3006,3017,0,0,0,0,0,0,0,0,0,0,0,0,0,0,0,0,0,0,0,0,0,0,0,0,0,0,0,70,252
170,85,3144,2953,2863,2945,4398,3017,2970,3017,0,0,0,0,0,0,0,0,0,0,0,0,0,0,0,0,0,0,0,0,0,0,0,0,0,0,0,57,252
170,85,3125,2961,2848,2940,4383,3020,2999,3017,0,0,0,0,0,0,0,0,0,0,0,0,0,0,0,0,0,0,0,0,0,0,0,0,0,0,0,183,252
170,85,3097,2948,2868,2946,4379,3017,3000,3001,0,0,0,0,0,0,0,0,0,0,0,0,0,0,0,0,0,0,0,0,0,0,0,0,0,0,0,26,252
170,85,3113,2922,2854,2924,4345,3019,2985,3013,0,0,0,0,0,0,0,0,0,0,0,0,0,0,0,0,0,0,0,0,0,0,0,0,0,0,0,180,252
170,85,3137,2920,2855,2931,4343,3025,3001,3033,0,0,0,0,0,0,0,0,0,0,0,0,0,0,0,0,0,0,0,0,0,0,0,0,0,0,0,216,252
170,85,3112,2933,2893,2932,4385,3017,2987,3017,0,0,0,0,0,0,0,0,0,0,0,0,0,0,0,0,0,0,0,0,0,0,0,0,0,0,0,12,252
170,85,3153,2967,2862,2959,4383,3007,2983,3000,0,0,0,0,0,0,0,0,0,0,0,0,0,0,0,0,0,0,0,0,0,0,0,0,0,0,0,58,252
170,85,3125,2928,2861,2936,4343,3042,3008,3018,0,0,0,0,0,0,0,0,0,0,0,0,0,0,0,0,0,0,0,0,0,0,0,0,0,0,0,236,252
170,85,3112,2942,2855,2952,4380,3019,2967,3006,0,0,0,0,0,0,0,0,0,0,0,0,0,0,0,0,0,0,0,0,0,0,0,0,0,0,0,229,252
170,85,3135,2921,2888,2961,4343,3018,2989,3013,0,0,0,0,0,0,0,0,0,0,0,0,0,0,0,0,0,0,0,0,0,0,0,0,0,0,0,57,252
170,85,3113,2948,2853,2941,4348,2996,2990,3002,0,0,0,0,0,0,0,0,0,0,0,0,0,0,0,0,0,0,0,0,0,0,0,0,0,0,0,74,252
170,85,3137,2960,2889,2973,4347,3019,2981,3001,0,0,0,0,0,0,0,0,0,0,0,0,0,0,0,0,0,0,0,0,0,0,0,0,0,0,0,202,252
170,85,3129,2934,2867,2923,4344,3002,3001,3041,0,0,0,0,0,0,0,0,0,0,0,0,0,0,0,0,0,0,0,0,0,0,0,0,0,0,0,238,252
170,85,3130,2938,2847,2950,4346,3041,3008,3043,0,0,0,0,0,0,0,0,0,0,0,0,0,0,0,0,0,0,0,0,0,0,0,0,0,0,0,2,252
170,85,3125,2949,2854,2940,4342,3012,2983,3040,0,0,0,0,0,0,0,0,0,0,0,0,0,0,0,0,0,0,0,0,0,0,0,0,0,0,0,124,252
170,85,3137,2953,2855,2955,4382,3025,2999,2995,0,0,0,0,0,0,0,0,0,0,0,0,0,0,0,0,0,0,0,0,0,0,0,0,0,0,0,77,252
170,85,3097,2953,2868,2933,4346,3018,2981,3013,0,0,0,0,0,0,0,0,0,0,0,0,0,0,0,0,0,0,0,0,0,0,0,0,0,0,0,98,252
170,85,3097,2937,2854,2940,4384,3042,2985,2994,0,0,0,0,0,0,0,0,0,0,0,0,0,0,0,0,0,0,0,0,0,0,0,0,0,0,0,1,252
170,85,3114,2927,2854,2939,4385,3019,3001,3036,0,0,0,0,0,0,0,0,0,0,0,0,0,0,0,0,0,0,0,0,0,0,0,0,0,0,0,117,252
170,85,3129,2952,2856,2966,4412,3003,3008,3020,0,0,0,0,0,0,0,0,0,0,0,0,0,0,0,0,0,0,0,0,0,0,0,0,0,0,0,102,252
170,85,3136,2967,2868,2941,4386,3013,3000,3019,0,0,0,0,0,0,0,0,0,0,0,0,0,0,0,0,0,0,0,0,0,0,0,0,0,0,0,232,252
170,85,3129,2928,2888,2931,4347,3019,3009,3001,0,0,0,0,0,0,0,0,0,0,0,0,0,0,0,0,0,0,0,0,0,0,0,0,0,0,0,217,252
170,85,3136,2937,2866,2963,4345,3034,2966,3019,0,0,0,0,0,0,0,0,0,0,0,0,0,0,0,0,0,0,0,0,0,0,0,0,0,0,0,5,252
170,85,3115,2934,2867,2941,4385,3020,2966,3008,0,0,0,0,0,0,0,0,0,0,0,0,0,0,0,0,0,0,0,0,0,0,0,0,0,0,0,74,252
170,85,3137,2937,2868,2940,4348,3036,2979,3032,0,0,0,0,0,0,0,0,0,0,0,0,0,0,0,0,0,0,0,0,0,0,0,0,0,0,0,200,252
170,85,3129,2933,2856,2930,4417,3008,2970,3000,0,0,0,0,0,0,0,0,0,0,0,0,0,0,0,0,0,0,0,0,0,0,0,0,0,0,0,87,252
170,85,3144,2933,2852,2949,4382,3008,2986,3027,0,0,0,0,0,0,0,0,0,0,0,0,0,0,0,0,0,0,0,0,0,0,0,0,0,0,0,217,252
170,85,3102,2960,2888,2960,4379,3009,2980,3034,0,0,0,0,0,0,0,0,0,0,0,0,0,0,0,0,0,0,0,0,0,0,0,0,0,0,0,16,252
170,85,3113,2961,2856,2942,4383,3009,3001,3001,0,0,0,0,0,0,0,0,0,0,0,0,0,0,0,0,0,0,0,0,0,0,0,0,0,0,0,210,252
170,85,3112,2928,2854,2960,4417,3019,3001,3042,0,0,0,0,0,0,0,0,0,0,0,0,0,0,0,0,0,0,0,0,0,0,0,0,0,0,0,221,252
170,85,3112,2920,2894,2940,4384,3020,2980,3019,0,0,0,0,0,0,0,0,0,0,0,0,0,0,0,0,0,0,0,0,0,0,0,0,0,0,0,19,252
170,85,3103,2921,2847,2961,4380,3046,3002,3035,0,0,0,0,0,0,0,0,0,0,0,0,0,0,0,0,0,0,0,0,0,0,0,0,0,0,0,129,252
170,85,3103,2928,2860,2963,4382,3019,3001,3019,0,0,0,0,0,0,0,0,0,0,0,0,0,0,0,0,0,0,0,0,0,0,0,0,0,0,0,149,252
170,85,3112,2921,2861,2957,4381,3019,2986,3017,0,0,0,0,0,0,0,0,0,0,0,0,0,0,0,0,0,0,0,0,0,0,0,0,0,0,0,182,252
170,85,3102,2954,2868,2945,4384,3019,2981,3033,0,0,0,0,0,0,0,0,0,0,0,0,0,0,0,0,0,0,0,0,0,0,0,0,0,0,0,84,252
170,85,3103,2932,2888,2945,4421,3008,3009,3018,0,0,0,0,0,0,0,0,0,0,0,0,0,0,0,0,0,0,0,0,0,0,0,0,0,0,0,206,252
170,85,3112,2961,2847,2945,4384,3020,2980,3017,0,0,0,0,0,0,0,0,0,0,0,0,0,0,0,0,0,0,0,0,0,0,0,0,0,0,0,68,252
170,85,3129,2921,2876,2939,4386,3018,2980,3032,0,0,0,0,0,0,0,0,0,0,0,0,0,0,0,0,0,0,0,0,0,0,0,0,0,0,0,97,252
170,85,3112,2920,2862,2972,4379,3020,2995,2995,0,0,0,0,0,0,0,0,0,0,0,0,0,0,0,0,0,0,0,0,0,0,0,0,0,0,0,199,252
170,85,3112,2920,2861,2931,4380,3021,3001,3022,0,0,0,0,0,0,0,0,0,0,0,0,0,0,0,0,0,0,0,0,0,0,0,0,0,0,0,90,252
170,85,3153,2960,2853,2932,4420,3030,3000,3013,0,0,0,0,0,0,0,0,0,0,0,0,0,0,0,0,0,0,0,0,0,0,0,0,0,0,0,157,252
170,85,3129,2921,2852,2950,4420,3019,2980,3017,0,0,0,0,0,0,0,0,0,0,0,0,0,0,0,0,0,0,0,0,0,0,0,0,0,0,0,242,252
170,85,3097,2943,2854,2936,4380,3018,3024,3033,0,0,0,0,0,0,0,0,0,0,0,0,0,0,0,0,0,0,0,0,0,0,0,0,0,0,0,5,252
170,85,3144,2933,2847,2953,4421,3009,3023,2994,0,0,0,0,0,0,0,0,0,0,0,0,0,0,0,0,0,0,0,0,0,0,0,0,0,0,0,176,252
170,85,3111,2933,2867,2939,4416,3019,2986,3041,0,0,0,0,0,0,0,0,0,0,0,0,0,0,0,0,0,0,0,0,0,0,0,0,0,0,0,56,252
170,85,3098,2939,2846,2946,4421,3024,3024,3041,0,0,0,0,0,0,0,0,0,0,0,0,0,0,0,0,0,0,0,0,0,0,0,0,0,0,0,187,252
170,85,3115,2938,2888,2970,4354,3007,2986,3025,0,0,0,0,0,0,0,0,0,0,0,0,0,0,0,0,0,0,0,0,0,0,0,0,0,0,0,167,252
170,85,3112,2954,2862,2948,4379,3019,3010,3018,0,0,0,0,0,0,0,0,0,0,0,0,0,0,0,0,0,0,0,0,0,0,0,0,0,0,0,50,252
170,85,3104,2938,2856,2973,4377,3021,3008,3021,0,0,0,0,0,0,0,0,0,0,0,0,0,0,0,0,0,0,0,0,0,0,0,0,0,0,0,212,252
170,85,3114,2938,2862,2934,4377,3008,3001,3013,0,0,0,0,0,0,0,0,0,0,0,0,0,0,0,0,0,0,0,0,0,0,0,0,0,0,0,79,252
170,85,3129,2953,2862,2964,4344,3020,2985,3001,0,0,0,0,0,0,0,0,0,0,0,0,0,0,0,0,0,0,0,0,0,0,0,0,0,0,0,205,252
170,85,3131,2921,2854,2934,4384,3001,2981,3001,0,0,0,0,0,0,0,0,0,0,0,0,0,0,0,0,0,0,0,0,0,0,0,0,0,0,0,101,252
170,85,3097,2928,2864,2940,4348,3017,2987,3017,0,0,0,0,0,0,0,0,0,0,0,0,0,0,0,0,0,0,0,0,0,0,0,0,0,0,0,145,252
170,85,3097,2919,2866,2960,4398,3035,3008,3020,0,0,0,0,0,0,0,0,0,0,0,0,0,0,0,0,0,0,0,0,0,0,0,0,0,0,0,199,252
170,85,3125,2948,2877,2945,4367,3034,3001,3036,0,0,0,0,0,0,0,0,0,0,0,0,0,0,0,0,0,0,0,0,0,0,0,0,0,0,0,95,252
170,85,3114,2953,2866,2970,4403,3043,2985,3032,0,0,0,0,0,0,0,0,0,0,0,0,0,0,0,0,0,0,0,0,0,0,0,0,0,0,0,72,252
170,85,3101,2931,2853,2964,4398,3017,2969,3017,0,0,0,0,0,0,0,0,0,0,0,0,0,0,0,0,0,0,0,0,0,0,0,0,0,0,0,138,252
170,85,3129,2961,2846,2929,4363,3024,2986,3034,0,0,0,0,0,0,0,0,0,0,0,0,0,0,0,0,0,0,0,0,0,0,0,0,0,0,0,142,252
170,85,3097,2950,2852,2964,4369,3026,2969,3020,0,0,0,0,0,0,0,0,0,0,0,0,0,0,0,0,0,0,0,0,0,0,0,0,0,0,0,91,252
170,85,3096,2928,2853,2963,4400,3019,2987,3018,0,0,0,0,0,0,0,0,0,0,0,0,0,0,0,0,0,0,0,0,0,0,0,0,0,0,0,166,252
170,85,3129,2953,2872,2946,4389,3020,3009,3019,0,0,0,0,0,0,0,0,0,0,0,0,0,0,0,0,0,0,0,0,0,0,0,0,0,0,0,11,252
170,85,3112,2937,2875,2961,4346,3018,2969,3002,0,0,0,0,0,0,0,0,0,0,0,0,0,0,0,0,0,0,0,0,0,0,0,0,0,0,0,11,252
170,85,3112,2934,2856,2956,4417,3042,2985,3033,0,0,0,0,0,0,0,0,0,0,0,0,0,0,0,0,0,0,0,0,0,0,0,0,0,0,0,203,252
170,85,3098,2954,2868,2940,4348,3007,2986,3017,0,0,0,0,0,0,0,0,0,0,0,0,0,0,0,0,0,0,0,0,0,0,0,0,0,0,0,27,252
170,85,3112,2962,2854,2924,4393,3019,2986,3002,0,0,0,0,0,0,0,0,0,0,0,0,0,0,0,0,0,0,0,0,0,0,0,0,0,0,0,224,252
170,85,3114,2949,2862,2971,4399,3019,3000,3034,0,0,0,0,0,0,0,0,0,0,0,0,0,0,0,0,0,0,0,0,0,0,0,0,0,0,0,126,252
170,85,3103,2938,2862,2940,4382,3018,2999,3032,0,0,0,0,0,0,0,0,0,0,0,0,0,0,0,0,0,0,0,0,0,0,0,0,0,0,0,110,252
170,85,3097,2947,2867,2956,4380,3002,2968,3009,0,0,0,0,0,0,0,0,0,0,0,0,0,0,0,0,0,0,0,0,0,0,0,0,0,0,0,56,252
170,85,3115,2934,2867,2924,4366,3020,2968,3004,0,0,0,0,0,0,0,0,0,0,0,0,0,0,0,0,0,0,0,0,0,0,0,0,0,0,0,6,252
170,85,3142,2933,2856,2972,4365,3048,3000,3028,0,0,0,0,0,0,0,0,0,0,0,0,0,0,0,0,0,0,0,0,0,0,0,0,0,0,0,236,252
170,85,3115,2967,2853,2964,4403,3021,2969,3018,0,0,0,0,0,0,0,0,0,0,0,0,0,0,0,0,0,0,0,0,0,0,0,0,0,0,0,66,252
170,85,3115,2934,2894,2945,4363,3019,2985,3014,0,0,0,0,0,0,0,0,0,0,0,0,0,0,0,0,0,0,0,0,0,0,0,0,0,0,0,223,252
170,85,3113,2933,2854,2944,4381,3041,3008,3013,0,0,0,0,0,0,0,0,0,0,0,0,0,0,0,0,0,0,0,0,0,0,0,0,0,0,0,225,252
170,85,3137,2928,2866,2941,4367,3025,3000,2995,0,0,0,0,0,0,0,0,0,0,0,0,0,0,0,0,0,0,0,0,0,0,0,0,0,0,0,73,252
170,85,3143,2933,2868,2943,4365,3020,2970,3013,0,0,0,0,0,0,0,0,0,0,0,0,0,0,0,0,0,0,0,0,0,0,0,0,0,0,0,5,252
170,85,3098,2938,2887,2947,4345,3007,2986,3008,0,0,0,0,0,0,0,0,0,0,0,0,0,0,0,0,0,0,0,0,0,0,0,0,0,0,0,107,252
170,85,3114,2920,2855,2936,4397,3019,2990,3001,0,0,0,0,0,0,0,0,0,0,0,0,0,0,0,0,0,0,0,0,0,0,0,0,0,0,0,14,252
170,85,3114,2966,2875,2965,4350,3019,2980,3018,0,0,0,0,0,0,0,0,0,0,0,0,0,0,0,0,0,0,0,0,0,0,0,0,0,0,0,170,252
170,85,3130,2921,2860,2963,4346,3035,2970,3017,0,0,0,0,0,0,0,0,0,0,0,0,0,0,0,0,0,0,0,0,0,0,0,0,0,0,0,125,252
170,85,3112,2932,2876,2939,4345,3042,2996,3002,0,0,0,0,0,0,0,0,0,0,0,0,0,0,0,0,0,0,0,0,0,0,0,0,0,0,0,237,252
170,85,3144,2953,2867,2924,4380,3007,2969,3014,0,0,0,0,0,0,0,0,0,0,0,0,0,0,0,0,0,0,0,0,0,0,0,0,0,0,0,128,252
170,85,3143,2927,2853,2936,4349,3036,2969,3018,0,0,0,0,0,0,0,0,0,0,0,0,0,0,0,0,0,0,0,0,0,0,0,0,0,0,0,228,252
170,85,3114,2927,2854,2936,4368,3042,2971,3034,0,0,0,0,0,0,0,0,0,0,0,0,0,0,0,0,0,0,0,0,0,0,0,0,0,0,0,74,252
170,85,3112,2953,2862,2963,4362,3020,3008,3039,0,0,0,0,0,0,0,0,0,0,0,0,0,0,0,0,0,0,0,0,0,0,0,0,0,0,0,39,252
170,85,3145,2961,2861,2974,4387,3025,2985,3042,0,0,0,0,0,0,0,0,0,0,0,0,0,0,0,0,0,0,0,0,0,0,0,0,0,0,0,48,252
170,85,3143,2938,2867,2937,4380,3008,2986,3028,0,0,0,0,0,0,0,0,0,0,0,0,0,0,0,0,0,0,0,0,0,0,0,0,0,0,0,55,252
170,85,3125,2962,2847,2940,4345,3008,2980,3042,0,0,0,0,0,0,0,0,0,0,0,0,0,0,0,0,0,0,0,0,0,0,0,0,0,0,0,88,252
170,85,3136,2967,2861,2956,4386,3018,3009,3041,0,0,0,0,0,0,0,0,0,0,0,0,0,0,0,0,0,0,0,0,0,0,0,0,0,0,0,92,252
170,85,3136,2937,2855,2940,4394,3035,3016,3000,0,0,0,0,0,0,0,0,0,0,0,0,0,0,0,0,0,0,0,0,0,0,0,0,0,0,0,1,252
170,85,3115,2920,2852,2964,4387,3021,2980,3021,0,0,0,0,0,0,0,0,0,0,0,0,0,0,0,0,0,0,0,0,0,0,0,0,0,0,0,150,252
170,85,3097,2926,2854,2939,4417,3019,2986,3019,0,0,0,0,0,0,0,0,0,0,0,0,0,0,0,0,0,0,0,0,0,0,0,0,0,0,0,35,252
170,85,3130,2927,2855,2931,4418,3042,2985,3002,0,0,0,0,0,0,0,0,0,0,0,0,0,0,0,0,0,0,0,0,0,0,0,0,0,0,0,80,252
170,85,3113,2938,2866,2946,4387,3019,2970,3035,0,0,0,0,0,0,0,0,0,0,0,0,0,0,0,0,0,0,0,0,0,0,0,0,0,0,0,168,252
170,85,3112,2953,2855,2945,4420,3019,2985,3035,0,0,0,0,0,0,0,0,0,0,0,0,0,0,0,0,0,0,0,0,0,0,0,0,0,0,0,24,252
170,85,3103,2960,2875,2950,4422,3021,2969,3017,0,0,0,0,0,0,0,0,0,0,0,0,0,0,0,0,0,0,0,0,0,0,0,0,0,0,0,11,251
170,85,3102,2928,2852,2941,4386,3019,2981,3008,0,0,0,0,0,0,0,0,0,0,0,0,0,0,0,0,0,0,0,0,0,0,0,0,0,0,0,89,251
170,85,3112,2919,2889,2941,4421,3042,2987,3033,0,0,0,0,0,0,0,0,0,0,0,0,0,0,0,0,0,0,0,0,0,0,0,0,0,0,0,76,251
170,85,3096,2934,2866,2936,4423,3043,2985,3004,0,0,0,0,0,0,0,0,0,0,0,0,0,0,0,0,0,0,0,0,0,0,0,0,0,0,0,119,251
170,85,3113,2961,2868,2945,4386,3044,2990,3041,0,0,0,0,0,0,0,0,0,0,0,0,0,0,0,0,0,0,0,0,0,0,0,0,0,0,0,102,251
170,85,3097,2961,2868,2950,4385,3019,3000,3035,0,0,0,0,0,0,0,0,0,0,0,0,0,0,0,0,0,0,0,0,0,0,0,0,0,0,0,81,251
170,85,3113,2960,2847,2946,4423,3037,3009,3042,0,0,0,0,0,0,0,0,0,0,0,0,0,0,0,0,0,0,0,0,0,0,0,0,0,0,0,127,251
170,85,3102,2960,2860,2934,4417,3019,3008,3010,0,0,0,0,0,0,0,0,0,0,0,0,0,0,0,0,0,0,0,0,0,0,0,0,0,0,0,190,251
170,85,3129,2938,2867,2965,4385,3020,3008,3019,0,0,0,0,0,0,0,0,0,0,0,0,0,0,0,0,0,0,0,0,0,0,0,0,0,0,0,225,251
170,85,3111,2955,2861,2953,4389,3029,2985,3007,0,0,0,0,0,0,0,0,0,0,0,0,0,0,0,0,0,0,0,0,0,0,0,0,0,0,0,12,251
170,85,3112,2957,2862,2941,4420,3003,2985,3032,0,0,0,0,0,0,0,0,0,0,0,0,0,0,0,0,0,0,0,0,0,0,0,0,0,0,0,154,252
170,85,3112,2934,2861,2940,4394,3018,3001,3039,0,0,0,0,0,0,0,0,0,0,0,0,0,0,0,0,0,0,0,0,0,0,0,0,0,0,0,107,251
170,85,3137,2938,2888,2966,4432,3020,3008,3018,0,0,0,0,0,0,0,0,0,0,0,0,0,0,0,0,0,0,0,0,0,0,0,0,0,0,0,145,251
170,85,3114,2932,2876,2963,4431,3020,2980,3021,0,0,0,0,0,0,0,0,0,0,0,0,0,0,0,0,0,0,0,0,0,0,0,0,0,0,0,249,251
170,85,3112,2938,2889,2966,4420,3025,2986,3035,0,0,0,0,0,0,0,0,0,0,0,0,0,0,0,0,0,0,0,0,0,0,0,0,0,0,0,139,251
170,85,3112,2938,2856,2945,4386,3035,2985,3020,0,0,0,0,0,0,0,0,0,0,0,0,0,0,0,0,0,0,0,0,0,0,0,0,0,0,0,133,251
170,85,3112,2920,2866,2933,4383,3019,3002,3019,0,0,0,0,0,0,0,0,0,0,0,0,0,0,0,0,0,0,0,0,0,0,0,0,0,0,0,64,252
170,85,3129,2939,2855,2930,4387,3043,2970,3009,0,0,0,0,0,0,0,0,0,0,0,0,0,0,0,0,0,0,0,0,0,0,0,0,0,0,0,110,252
170,85,3112,2934,2873,2958,4382,3043,3001,3018,0,0,0,0,0,0,0,0,0,0,0,0,0,0,0,0,0,0,0,0,0,0,0,0,0,0,0,133,252
170,85,3114,2921,2861,2956,4389,3021,2980,3019,0,0,0,0,0,0,0,0,0,0,0,0,0,0,0,0,0,0,0,0,0,0,0,0,0,0,0,135,252
170,85,3103,2934,2894,2946,4385,3042,2986,3020,0,0,0,0,0,0,0,0,0,0,0,0,0,0,0,0,0,0,0,0,0,0,0,0,0,0,0,226,252
170,85,3114,2929,2862,2942,4425,3021,2995,3018,0,0,0,0,0,0,0,0,0,0,0,0,0,0,0,0,0,0,0,0,0,0,0,0,0,0,0,20,252
170,85,3144,2954,2853,2940,4389,3020,3024,3041,0,0,0,0,0,0,0,0,0,0,0,0,0,0,0,0,0,0,0,0,0,0,0,0,0,0,0,161,252
170,85,3116,2928,2861,2963,4382,3002,2967,3001,0,0,0,0,0,0,0,0,0,0,0,0,0,0,0,0,0,0,0,0,0,0,0,0,0,0,0,138,252
170,85,3115,2948,2855,2964,4386,3018,2999,3023,0,0,0,0,0,0,0,0,0,0,0,0,0,0,0,0,0,0,0,0,0,0,0,0,0,0,0,110,252
170,85,3112,2929,2894,2950,4382,3019,2985,3001,0,0,0,0,0,0,0,0,0,0,0,0,0,0,0,0,0,0,0,0,0,0,0,0,0,0,0,182,252
170,85,3138,2921,2866,2939,4384,3042,2984,3008,0,0,0,0,0,0,0,0,0,0,0,0,0,0,0,0,0,0,0,0,0,0,0,0,0,0,0,42,252
170,85,3113,2949,2868,2937,4382,3009,2986,3018,0,0,0,0,0,0,0,0,0,0,0,0,0,0,0,0,0,0,0,0,0,0,0,0,0,0,0,188,252
170,85,3114,2926,2861,2946,4387,3042,2986,3026,0,0,0,0,0,0,0,0,0,0,0,0,0,0,0,0,0,0,0,0,0,0,0,0,0,0,0,176,252
170,85,3111,2960,2861,2974,4387,3035,2981,2995,0,0,0,0,0,0,0,0,0,0,0,0,0,0,0,0,0,0,0,0,0,0,0,0,0,0,0,8,252
170,85,3143,2933,2861,2960,4383,3019,3009,3007,0,0,0,0,0,0,0,0,0,0,0,0,0,0,0,0,0,0,0,0,0,0,0,0,0,0,0,199,252
170,85,3125,2960,2847,2950,4424,3044,2969,3002,0,0,0,0,0,0,0,0,0,0,0,0,0,0,0,0,0,0,0,0,0,0,0,0,0,0,0,81,252
170,85,3112,2961,2856,2936,4424,3009,2969,2994,0,0,0,0,0,0,0,0,0,0,0,0,0,0,0,0,0,0,0,0,0,0,0,0,0,0,0,169,252
170,85,3113,2949,2848,2934,4424,3035,3008,3018,0,0,0,0,0,0,0,0,0,0,0,0,0,0,0,0,0,0,0,0,0,0,0,0,0,0,0,129,252
170,85,3113,2934,2868,2957,4424,3035,2985,3034,0,0,0,0,0,0,0,0,0,0,0,0,0,0,0,0,0,0,0,0,0,0,0,0,0,0,0,228,252
170,85,3112,2960,2860,2925,4382,3043,2982,3007,0,0,0,0,0,0,0,0,0,0,0,0,0,0,0,0,0,0,0,0,0,0,0,0,0,0,0,255,252
170,85,3114,2959,2888,2946,4411,3035,2984,3017,0,0,0,0,0,0,0,0,0,0,0,0,0,0,0,0,0,0,0,0,0,0,0,0,0,0,0,12,252
170,85,3103,2961,2867,2947,4399,3008,2986,3035,0,0,0,0,0,0,0,0,0,0,0,0,0,0,0,0,0,0,0,0,0,0,0,0,0,0,0,66,252
170,85,3096,2926,2866,2960,4398,3036,3009,3017,0,0,0,0,0,0,0,0,0,0,0,0,0,0,0,0,0,0,0,0,0,0,0,0,0,0,0,204,252
170,85,3114,2932,2865,2964,4368,3035,3009,3018,0,0,0,0,0,0,0,0,0,0,0,0,0,0,0,0,0,0,0,0,0,0,0,0,0,0,0,217,252
170,85,3111,2940,2876,2959,4365,3020,2991,3029,0,0,0,0,0,0,0,0,0,0,0,0,0,0,0,0,0,0,0,0,0,0,0,0,0,0,0,177,252
170,85,3112,2922,2893,2938,4363,3025,3000,3020,0,0,0,0,0,0,0,0,0,0,0,0,0,0,0,0,0,0,0,0,0,0,0,0,0,0,0,57,252
170,85,3137,2933,2868,2941,4403,3020,3000,3029,0,0,0,0,0,0,0,0,0,0,0,0,0,0,0,0,0,0,0,0,0,0,0,0,0,0,0,13,252
170,85,3113,2926,2888,2971,4397,3019,2968,3028,0,0,0,0,0,0,0,0,0,0,0,0,0,0,0,0,0,0,0,0,0,0,0,0,0,0,0,220,252
170,85,3114,2938,2853,2945,4397,3017,2987,3030,0,0,0,0,0,0,0,0,0,0,0,0,0,0,0,0,0,0,0,0,0,0,0,0,0,0,0,143,252
170,85,3114,2921,2873,2950,4403,3019,2969,3025,0,0,0,0,0,0,0,0,0,0,0,0,0,0,0,0,0,0,0,0,0,0,0,0,0,0,0,174,252
170,85,3103,2921,2867,2960,4402,3017,2980,2994,0,0,0,0,0,0,0,0,0,0,0,0,0,0,0,0,0,0,0,0,0,0,0,0,0,0,0,218,252
170,85,3138,2962,2870,2931,4404,3019,2985,3016,0,0,0,0,0,0,0,0,0,0,0,0,0,0,0,0,0,0,0,0,0,0,0,0,0,0,0,233,252
170,85,3114,2934,2888,2933,4364,3041,2986,3019,0,0,0,0,0,0,0,0,0,0,0,0,0,0,0,0,0,0,0,0,0,0,0,0,0,0,0,15,252
170,85,3113,2922,2867,2933,4379,3024,2981,3007,0,0,0,0,0,0,0,0,0,0,0,0,0,0,0,0,0,0,0,0,0,0,0,0,0,0,0,54,252
170,85,3125,2934,2861,2960,4375,3018,2969,3035,0,0,0,0,0,0,0,0,0,0,0,0,0,0,0,0,0,0,0,0,0,0,0,0,0,0,0,131,252
170,85,3128,2938,2861,2950,4382,3020,2987,3014,0,0,0,0,0,0,0,0,0,0,0,0,0,0,0,0,0,0,0,0,0,0,0,0,0,0,0,180,252
170,85,3114,2928,2855,2924,4365,3020,2969,3019,0,0,0,0,0,0,0,0,0,0,0,0,0,0,0,0,0,0,0,0,0,0,0,0,0,0,0,96,252
170,85,3130,2951,2855,2961,4417,3009,2987,3012,0,0,0,0,0,0,0,0,0,0,0,0,0,0,0,0,0,0,0,0,0,0,0,0,0,0,0,6,252
170,85,3114,2923,2866,2940,4375,3025,2969,3032,0,0,0,0,0,0,0,0,0,0,0,0,0,0,0,0,0,0,0,0,0,0,0,0,0,0,0,106,252
170,85,3096,2921,2867,2965,4405,3042,2995,3020,0,0,0,0,0,0,0,0,0,0,0,0,0,0,0,0,0,0,0,0,0,0,0,0,0,0,0,157,252
170,85,3096,2938,2855,2941,4404,3019,2986,3035,0,0,0,0,0,0,0,0,0,0,0,0,0,0,0,0,0,0,0,0,0,0,0,0,0,0,0,84,252
170,85,3102,2938,2853,2973,4364,3021,2986,3020,0,0,0,0,0,0,0,0,0,0,0,0,0,0,0,0,0,0,0,0,0,0,0,0,0,0,0,153,252
170,85,3113,2937,2866,2964,4399,3019,2970,3022,0,0,0,0,0,0,0,0,0,0,0,0,0,0,0,0,0,0,0,0,0,0,0,0,0,0,0,164,252
170,85,3143,2921,2888,2945,4377,3008,2996,3033,0,0,0,0,0,0,0,0,0,0,0,0,0,0,0,0,0,0,0,0,0,0,0,0,0,0,0,177,252
170,85,3112,2921,2853,2945,4379,3019,2986,3033,0,0,0,0,0,0,0,0,0,0,0,0,0,0,0,0,0,0,0,0,0,0,0,0,0,0,0,164,252
170,85,3103,2960,2855,2956,4375,3019,2984,3033,0,0,0,0,0,0,0,0,0,0,0,0,0,0,0,0,0,0,0,0,0,0,0,0,0,0,0,107,252
170,85,3098,2934,2862,2924,4422,3035,2985,3040,0,0,0,0,0,0,0,0,0,0,0,0,0,0,0,0,0,0,0,0,0,0,0,0,0,0,0,24,252
170,85,3114,2948,2855,2961,4396,3022,3001,3001,0,0,0,0,0,0,0,0,0,0,0,0,0,0,0,0,0,0,0,0,0,0,0,0,0,0,0,24,252
170,85,3115,2938,2853,2970,4427,3025,2980,3013,0,0,0,0,0,0,0,0,0,0,0,0,0,0,0,0,0,0,0,0,0,0,0,0,0,0,0,247,252
170,85,3098,2938,2895,2943,4424,3034,2985,3013,0,0,0,0,0,0,0,0,0,0,0,0,0,0,0,0,0,0,0,0,0,0,0,0,0,0,0,76,252
170,85,3114,2959,2895,2923,4427,3025,2999,3040,0,0,0,0,0,0,0,0,0,0,0,0,0,0,0,0,0,0,0,0,0,0,0,0,0,0,0,174,252
170,85,3130,2953,2895,2922,4384,3002,3000,3041,0,0,0,0,0,0,0,0,0,0,0,0,0,0,0,0,0,0,0,0,0,0,0,0,0,0,0,183,252
170,85,3113,2922,2860,2939,4420,3008,3001,3040,0,0,0,0,0,0,0,0,0,0,0,0,0,0,0,0,0,0,0,0,0,0,0,0,0,0,0,43,252
170,85,3112,2928,2876,2965,4424,3008,2967,3001,0,0,0,0,0,0,0,0,0,0,0,0,0,0,0,0,0,0,0,0,0,0,0,0,0,0,0,181,252
170,85,3136,2934,2847,2937,4385,3025,2969,3018,0,0,0,0,0,0,0,0,0,0,0,0,0,0,0,0,0,0,0,0,0,0,0,0,0,0,0,17,252
170,85,3111,2928,2860,2933,4389,3041,2987,3041,0,0,0,0,0,0,0,0,0,0,0,0,0,0,0,0,0,0,0,0,0,0,0,0,0,0,0,98,252
170,85,3097,2953,2873,2970,4421,3042,3023,3001,0,0,0,0,0,0,0,0,0,0,0,0,0,0,0,0,0,0,0,0,0,0,0,0,0,0,0,0,252
170,85,3136,2962,2868,2934,4388,3043,2981,2998,0,0,0,0,0,0,0,0,0,0,0,0,0,0,0,0,0,0,0,0,0,0,0,0,0,0,0,166,252
170,85,3114,2937,2889,2973,4383,3018,3008,3017,0,0,0,0,0,0,0,0,0,0,0,0,0,0,0,0,0,0,0,0,0,0,0,0,0,0,0,185,252
170,85,3103,2938,2875,2941,4390,3019,2985,3013,0,0,0,0,0,0,0,0,0,0,0,0,0,0,0,0,0,0,0,0,0,0,0,0,0,0,0,64,252
170,85,3137,2921,2861,2979,4425,3002,3001,3007,0,0,0,0,0,0,0,0,0,0,0,0,0,0,0,0,0,0,0,0,0,0,0,0,0,0,0,177,252
170,85,3097,2953,2869,2960,4424,3043,2970,3018,0,0,0,0,0,0,0,0,0,0,0,0,0,0,0,0,0,0,0,0,0,0,0,0,0,0,0,44,252
170,85,3113,2937,2873,2944,4420,3020,2987,3040,0,0,0,0,0,0,0,0,0,0,0,0,0,0,0,0,0,0,0,0,0,0,0,0,0,0,0,200,252
170,85,3152,2948,2848,2956,4388,3018,2999,3006,0,0,0,0,0,0,0,0,0,0,0,0,0,0,0,0,0,0,0,0,0,0,0,0,0,0,0,125,252
170,85,3130,2953,2853,2948,4425,3022,3002,3017,0,0,0,0,0,0,0,0,0,0,0,0,0,0,0,0,0,0,0,0,0,0,0,0,0,0,0,4,252
170,85,3144,2928,2856,2943,4427,3035,2991,3034,0,0,0,0,0,0,0,0,0,0,0,0,0,0,0,0,0,0,0,0,0,0,0,0,0,0,0,104,252
170,85,3129,2938,2855,2931,4430,3020,2980,3028,0,0,0,0,0,0,0,0,0,0,0,0,0,0,0,0,0,0,0,0,0,0,0,0,0,0,0,7,252
170,85,3098,2949,2868,2973,4424,3035,2986,3017,0,0,0,0,0,0,0,0,0,0,0,0,0,0,0,0,0,0,0,0,0,0,0,0,0,0,0,36,252
170,85,3130,2949,2862,2963,4419,3026,2980,3013,0,0,0,0,0,0,0,0,0,0,0,0,0,0,0,0,0,0,0,0,0,0,0,0,0,0,0,16,252
170,85,3119,2922,2868,2941,4390,3042,3010,3017,0,0,0,0,0,0,0,0,0,0,0,0,0,0,0,0,0,0,0,0,0,0,0,0,0,0,0,33,252
170,85,3130,2948,2871,2932,4396,3035,2986,3031,0,0,0,0,0,0,0,0,0,0,0,0,0,0,0,0,0,0,0,0,0,0,0,0,0,0,0,149,252
170,85,3125,2934,2861,2940,4389,3003,3001,3042,0,0,0,0,0,0,0,0,0,0,0,0,0,0,0,0,0,0,0,0,0,0,0,0,0,0,0,53,252
170,85,3129,2943,2862,2933,4422,3021,2969,3030,0,0,0,0,0,0,0,0,0,0,0,0,0,0,0,0,0,0,0,0,0,0,0,0,0,0,0,59,252
170,85,3130,2920,2861,2960,4392,3004,2984,3019,0,0,0,0,0,0,0,0,0,0,0,0,0,0,0,0,0,0,0,0,0,0,0,0,0,0,0,250,252
170,85,3144,2954,2889,2946,4426,3049,2981,3006,0,0,0,0,0,0,0,0,0,0,0,0,0,0,0,0,0,0,0,0,0,0,0,0,0,0,0,83,252
170,85,3098,2921,2853,2956,4431,3008,3007,3041,0,0,0,0,0,0,0,0,0,0,0,0,0,0,0,0,0,0,0,0,0,0,0,0,0,0,0,233,252
170,85,3136,2953,2855,2936,4433,3044,2988,3017,0,0,0,0,0,0,0,0,0,0,0,0,0,0,0,0,0,0,0,0,0,0,0,0,0,0,0,164,252
170,85,3098,2928,2855,2966,4395,3027,3008,3019,0,0,0,0,0,0,0,0,0,0,0,0,0,0,0,0,0,0,0,0,0,0,0,0,0,0,0,202,252
170,85,3111,2933,2888,2939,4433,3019,2990,3007,0,0,0,0,0,0,0,0,0,0,0,0,0,0,0,0,0,0,0,0,0,0,0,0,0,0,0,8,252
170,85,3102,2936,2848,2933,4403,3025,3000,3041,0,0,0,0,0,0,0,0,0,0,0,0,0,0,0,0,0,0,0,0,0,0,0,0,0,0,0,106,252
170,85,3112,2936,2862,2923,4401,3021,2971,3018,0,0,0,0,0,0,0,0,0,0,0,0,0,0,0,0,0,0,0,0,0,0,0,0,0,0,0,90,252
170,85,3112,2921,2868,2965,4433,3020,2980,3001,0,0,0,0,0,0,0,0,0,0,0,0,0,0,0,0,0,0,0,0,0,0,0,0,0,0,0,130,252
170,85,3143,2920,2888,2934,4402,3009,3010,3040,0,0,0,0,0,0,0,0,0,0,0,0,0,0,0,0,0,0,0,0,0,0,0,0,0,0,0,34,252
170,85,3113,2953,2873,2962,4400,3020,3000,3013,0,0,0,0,0,0,0,0,0,0,0,0,0,0,0,0,0,0,0,0,0,0,0,0,0,0,0,104,252
170,85,3113,2953,2848,2972,4440,3059,2986,3019,0,0,0,0,0,0,0,0,0,0,0,0,0,0,0,0,0,0,0,0,0,0,0,0,0,0,0,52,252
170,85,3125,2968,2862,2940,4402,3036,2987,3034,0,0,0,0,0,0,0,0,0,0,0,0,0,0,0,0,0,0,0,0,0,0,0,0,0,0,0,130,252
170,85,3113,2936,2888,2933,4436,3019,3009,3039,0,0,0,0,0,0,0,0,0,0,0,0,0,0,0,0,0,0,0,0,0,0,0,0,0,0,0,15,252
170,85,3112,2928,2868,2965,4396,3021,2970,3011,0,0,0,0,0,0,0,0,0,0,0,0,0,0,0,0,0,0,0,0,0,0,0,0,0,0,0,163,252
170,85,3136,2953,2869,2941,4393,3018,2980,3007,0,0,0,0,0,0,0,0,0,0,0,0,0,0,0,0,0,0,0,0,0,0,0,0,0,0,0,155,252
170,85,3125,2921,2866,2971,4395,3022,2986,3000,0,0,0,0,0,0,0,0,0,0,0,0,0,0,0,0,0,0,0,0,0,0,0,0,0,0,0,224,252
170,85,3112,2922,2876,2939,4427,3020,2983,3039,0,0,0,0,0,0,0,0,0,0,0,0,0,0,0,0,0,0,0,0,0,0,0,0,0,0,0,24,252
170,85,3113,2930,2855,2960,4387,3038,3008,3017,0,0,0,0,0,0,0,0,0,0,0,0,0,0,0,0,0,0,0,0,0,0,0,0,0,0,0,250,252
170,85,3115,2933,2847,2964,4428,3020,3000,3023,0,0,0,0,0,0,0,0,0,0,0,0,0,0,0,0,0,0,0,0,0,0,0,0,0,0,0,192,252
170,85,3113,2939,2867,2963,4430,3019,2991,3008,0,0,0,0,0,0,0,0,0,0,0,0,0,0,0,0,0,0,0,0,0,0,0,0,0,0,0,250,252
170,85,3111,2948,2869,2961,4394,3003,3011,3018,0,0,0,0,0,0,0,0,0,0,0,0,0,0,0,0,0,0,0,0,0,0,0,0,0,0,0,125,252
170,85,3115,2938,2853,2957,4426,3044,2981,3008,0,0,0,0,0,0,0,0,0,0,0,0,0,0,0,0,0,0,0,0,0,0,0,0,0,0,0,208,252
170,85,3129,2949,2877,2979,4395,3020,3009,3028,0,0,0,0,0,0,0,0,0,0,0,0,0,0,0,0,0,0,0,0,0,0,0,0,0,0,0,50,252
170,85,3114,2957,2855,2964,4393,3019,2987,3000,0,0,0,0,0,0,0,0,0,0,0,0,0,0,0,0,0,0,0,0,0,0,0,0,0,0,0,7,252
170,85,3137,2920,2858,2965,4396,3049,2983,3013,0,0,0,0,0,0,0,0,0,0,0,0,0,0,0,0,0,0,0,0,0,0,0,0,0,0,0,211,252
170,85,3143,2920,2860,2946,4430,3020,2987,3028,0,0,0,0,0,0,0,0,0,0,0,0,0,0,0,0,0,0,0,0,0,0,0,0,0,0,0,158,252
170,85,3113,2954,2868,2926,4432,3019,2985,3002,0,0,0,0,0,0,0,0,0,0,0,0,0,0,0,0,0,0,0,0,0,0,0,0,0,0,0,147,252
170,85,3111,2921,2867,2924,4425,3043,2985,3001,0,0,0,0,0,0,0,0,0,0,0,0,0,0,0,0,0,0,0,0,0,0,0,0,0,0,0,73,252
170,85,3112,2960,2848,2946,4425,3022,3001,3020,0,0,0,0,0,0,0,0,0,0,0,0,0,0,0,0,0,0,0,0,0,0,0,0,0,0,0,10,252
170,85,3125,2953,2862,2949,4428,3050,3007,3035,0,0,0,0,0,0,0,0,0,0,0,0,0,0,0,0,0,0,0,0,0,0,0,0,0,0,0,55,252
170,85,3096,2933,2854,2941,4397,3018,3003,3017,0,0,0,0,0,0,0,0,0,0,0,0,0,0,0,0,0,0,0,0,0,0,0,0,0,0,0,65,252
170,85,3136,2959,2862,2966,4393,3020,2968,3028,0,0,0,0,0,0,0,0,0,0,0,0,0,0,0,0,0,0,0,0,0,0,0,0,0,0,0,60,252
170,85,3136,2927,2855,2931,4390,3009,2986,3033,0,0,0,0,0,0,0,0,0,0,0,0,0,0,0,0,0,0,0,0,0,0,0,0,0,0,0,13,252
170,85,3115,2960,2873,2932,4432,3044,3000,3012,0,0,0,0,0,0,0,0,0,0,0,0,0,0,0,0,0,0,0,0,0,0,0,0,0,0,0,220,252
170,85,3137,2933,2873,2939,4392,3020,2987,3007,0,0,0,0,0,0,0,0,0,0,0,0,0,0,0,0,0,0,0,0,0,0,0,0,0,0,0,100,252
170,85,3113,2933,2853,2970,4426,3010,2986,3007,0,0,0,0,0,0,0,0,0,0,0,0,0,0,0,0,0,0,0,0,0,0,0,0,0,0,0,156,252
170,85,3129,2933,2867,2950,4433,3019,2975,3035,0,0,0,0,0,0,0,0,0,0,0,0,0,0,0,0,0,0,0,0,0,0,0,0,0,0,0,197,252
170,85,3128,2949,2854,2961,4432,3021,2970,3009,0,0,0,0,0,0,0,0,0,0,0,0,0,0,0,0,0,0,0,0,0,0,0,0,0,0,0,46,252
170,85,3112,2920,2853,2941,4392,3043,2985,3013,0,0,0,0,0,0,0,0,0,0,0,0,0,0,0,0,0,0,0,0,0,0,0,0,0,0,0,93,252
170,85,3130,2960,2848,2966,4426,3043,3008,3040,0,0,0,0,0,0,0,0,0,0,0,0,0,0,0,0,0,0,0,0,0,0,0,0,0,0,0,119,252
170,85,3112,2933,2859,2924,4432,3021,3025,3008,0,0,0,0,0,0,0,0,0,0,0,0,0,0,0,0,0,0,0,0,0,0,0,0,0,0,0,116,252
170,85,3144,2939,2867,2966,4426,3026,2985,3040,0,0,0,0,0,0,0,0,0,0,0,0,0,0,0,0,0,0,0,0,0,0,0,0,0,0,0,165,252
170,85,3111,2933,2854,2973,4396,3009,2969,3033,0,0,0,0,0,0,0,0,0,0,0,0,0,0,0,0,0,0,0,0,0,0,0,0,0,0,0,166,252
170,85,3143,2920,2853,2938,4395,3021,2988,3000,0,0,0,0,0,0,0,0,0,0,0,0,0,0,0,0,0,0,0,0,0,0,0,0,0,0,0,96,252
170,85,3111,2934,2846,2956,4432,3020,2985,3017,0,0,0,0,0,0,0,0,0,0,0,0,0,0,0,0,0,0,0,0,0,0,0,0,0,0,0,221,252
170,85,3143,2934,2853,2933,4435,3009,3001,3019,0,0,0,0,0,0,0,0,0,0,0,0,0,0,0,0,0,0,0,0,0,0,0,0,0,0,0,99,252
170,85,3113,2967,2888,2933,4426,3048,2969,3041,0,0,0,0,0,0,0,0,0,0,0,0,0,0,0,0,0,0,0,0,0,0,0,0,0,0,0,187,252
170,85,3151,2961,2894,2944,4395,3044,3000,3028,0,0,0,0,0,0,0,0,0,0,0,0,0,0,0,0,0,0,0,0,0,0,0,0,0,0,0,81,252
170,85,3096,2937,2847,2931,4397,3020,2985,3034,0,0,0,0,0,0,0,0,0,0,0,0,0,0,0,0,0,0,0,0,0,0,0,0,0,0,0,125,252
170,85,3137,2954,2868,2959,4432,3021,2986,3020,0,0,0,0,0,0,0,0,0,0,0,0,0,0,0,0,0,0,0,0,0,0,0,0,0,0,0,105,252
170,85,3129,2949,2869,2973,4384,3020,2970,3035,0,0,0,0,0,0,0,0,0,0,0,0,0,0,0,0,0,0,0,0,0,0,0,0,0,0,0,91,252
170,85,3113,2933,2851,2956,4390,3021,2981,3041,0,0,0,0,0,0,0,0,0,0,0,0,0,0,0,0,0,0,0,0,0,0,0,0,0,0,0,190,252
170,85,3136,2937,2847,2934,4426,3010,2981,3018,0,0,0,0,0,0,0,0,0,0,0,0,0,0,0,0,0,0,0,0,0,0,0,0,0,0,0,85,252
170,85,3096,2960,2868,2924,4396,3019,2969,3040,0,0,0,0,0,0,0,0,0,0,0,0,0,0,0,0,0,0,0,0,0,0,0,0,0,0,0,172,252
170,85,3129,2937,2855,2947,4427,3026,2970,3035,0,0,0,0,0,0,0,0,0,0,0,0,0,0,0,0,0,0,0,0,0,0,0,0,0,0,0,222,252
170,85,3136,2938,2873,2944,4426,3021,3008,3044,0,0,0,0,0,0,0,0,0,0,0,0,0,0,0,0,0,0,0,0,0,0,0,0,0,0,0,194,252
170,85,3098,2938,2867,2925,4430,3022,2987,3019,0,0,0,0,0,0,0,0,0,0,0,0,0,0,0,0,0,0,0,0,0,0,0,0,0,0,0,60,252
170,85,3137,2921,2855,2961,4396,3002,3009,3034,0,0,0,0,0,0,0,0,0,0,0,0,0,0,0,0,0,0,0,0,0,0,0,0,0,0,0,241,252
170,85,3125,2939,2847,2930,4432,3004,3016,3001,0,0,0,0,0,0,0,0,0,0,0,0,0,0,0,0,0,0,0,0,0,0,0,0,0,0,0,92,252
170,85,3115,2960,2860,2960,4396,3009,2986,3013,0,0,0,0,0,0,0,0,0,0,0,0,0,0,0,0,0,0,0,0,0,0,0,0,0,0,0,103,252
170,85,3138,2921,2861,2946,4431,3042,2969,3019,0,0,0,0,0,0,0,0,0,0,0,0,0,0,0,0,0,0,0,0,0,0,0,0,0,0,0,153,252
170,85,3112,2948,2877,2950,4395,3022,2986,3018,0,0,0,0,0,0,0,0,0,0,0,0,0,0,0,0,0,0,0,0,0,0,0,0,0,0,0,112,252
170,85,3143,2954,2876,2960,4426,3023,3008,3018,0,0,0,0,0,0,0,0,0,0,0,0,0,0,0,0,0,0,0,0,0,0,0,0,0,0,0,12,252
170,85,3137,2933,2888,2961,4431,3042,3008,3020,0,0,0,0,0,0,0,0,0,0,0,0,0,0,0,0,0,0,0,0,0,0,0,0,0,0,0,174,252
170,85,3114,2928,2888,2971,4431,3021,2981,3008,0,0,0,0,0,0,0,0,0,0,0,0,0,0,0,0,0,0,0,0,0,0,0,0,0,0,0,140,252
170,85,3143,2961,2866,2933,4395,3043,3003,3001,0,0,0,0,0,0,0,0,0,0,0,0,0,0,0,0,0,0,0,0,0,0,0,0,0,0,0,185,252
170,85,3115,2961,2889,2965,4425,3036,2969,3034,0,0,0,0,0,0,0,0,0,0,0,0,0,0,0,0,0,0,0,0,0,0,0,0,0,0,0,82,252
170,85,3112,2949,2861,2945,4397,3031,2970,3007,0,0,0,0,0,0,0,0,0,0,0,0,0,0,0,0,0,0,0,0,0,0,0,0,0,0,0,60,252
170,85,3137,2959,2861,2945,4392,3020,2969,3022,0,0,0,0,0,0,0,0,0,0,0,0,0,0,0,0,0,0,0,0,0,0,0,0,0,0,0,51,252
170,85,3097,2932,2868,2933,4438,3024,2982,3002,0,0,0,0,0,0,0,0,0,0,0,0,0,0,0,0,0,0,0,0,0,0,0,0,0,0,0,84,252
170,85,3125,2954,2854,2940,4431,3036,2985,3035,0,0,0,0,0,0,0,0,0,0,0,0,0,0,0,0,0,0,0,0,0,0,0,0,0,0,0,230,252
170,85,3114,2948,2852,2956,4394,3021,2980,3028,0,0,0,0,0,0,0,0,0,0,0,0,0,0,0,0,0,0,0,0,0,0,0,0,0,0,0,115,252
170,85,3129,2950,2869,2971,4438,3020,2971,3040,0,0,0,0,0,0,0,0,0,0,0,0,0,0,0,0,0,0,0,0,0,0,0,0,0,0,0,18,252
170,85,3114,2920,2847,2946,4402,3021,3001,3019,0,0,0,0,0,0,0,0,0,0,0,0,0,0,0,0,0,0,0,0,0,0,0,0,0,0,0,176,252
170,85,3144,2948,2855,2933,4433,3021,2975,3008,0,0,0,0,0,0,0,0,0,0,0,0,0,0,0,0,0,0,0,0,0,0,0,0,0,0,0,191,252
170,85,3115,2955,2867,2960,4402,3026,2968,3005,0,0,0,0,0,0,0,0,0,0,0,0,0,0,0,0,0,0,0,0,0,0,0,0,0,0,0,36,252
170,85,3115,2934,2851,2932,4400,3003,3002,3018,0,0,0,0,0,0,0,0,0,0,0,0,0,0,0,0,0,0,0,0,0,0,0,0,0,0,0,19,252
170,85,3097,2933,2868,2960,4399,3020,3008,3001,0,0,0,0,0,0,0,0,0,0,0,0,0,0,0,0,0,0,0,0,0,0,0,0,0,0,0,176,252
170,85,3098,2959,2861,2946,4404,3020,2986,3013,0,0,0,0,0,0,0,0,0,0,0,0,0,0,0,0,0,0,0,0,0,0,0,0,0,0,0,79,252
170,85,3098,2921,2852,2945,4438,3020,3025,3018,0,0,0,0,0,0,0,0,0,0,0,0,0,0,0,0,0,0,0,0,0,0,0,0,0,0,0,181,252
170,85,3113,2933,2855,2972,4438,3050,2989,3033,0,0,0,0,0,0,0,0,0,0,0,0,0,0,0,0,0,0,0,0,0,0,0,0,0,0,0,205,252
170,85,3136,2937,2861,2947,4433,3020,2982,3019,0,0,0,0,0,0,0,0,0,0,0,0,0,0,0,0,0,0,0,0,0,0,0,0,0,0,0,133,252
170,85,3131,2920,2867,2950,4403,3043,2981,3016,0,0,0,0,0,0,0,0,0,0,0,0,0,0,0,0,0,0,0,0,0,0,0,0,0,0,0,185,252
170,85,3129,2921,2862,2960,4434,3026,2985,3022,0,0,0,0,0,0,0,0,0,0,0,0,0,0,0,0,0,0,0,0,0,0,0,0,0,0,0,235,252
170,85,3104,2961,2873,2945,4434,3022,2984,3018,0,0,0,0,0,0,0,0,0,0,0,0,0,0,0,0,0,0,0,0,0,0,0,0,0,0,0,21,252
170,85,3113,2933,2868,2939,4437,3021,2980,3017,0,0,0,0,0,0,0,0,0,0,0,0,0,0,0,0,0,0,0,0,0,0,0,0,0,0,0,4,252
170,85,3104,2922,2847,2973,4400,3026,3002,3029,0,0,0,0,0,0,0,0,0,0,0,0,0,0,0,0,0,0,0,0,0,0,0,0,0,0,0,167,252
170,85,3113,2949,2847,2934,4400,3020,3009,3018,0,0,0,0,0,0,0,0,0,0,0,0,0,0,0,0,0,0,0,0,0,0,0,0,0,0,0,208,252
170,85,3131,2954,2862,2937,4439,3043,3002,3040,0,0,0,0,0,0,0,0,0,0,0,0,0,0,0,0,0,0,0,0,0,0,0,0,0,0,0,234,252
170,85,3129,2953,2867,2934,4438,3020,3001,3034,0,0,0,0,0,0,0,0,0,0,0,0,0,0,0,0,0,0,0,0,0,0,0,0,0,0,0,238,252
170,85,3128,2933,2848,2965,4439,3018,2990,3016,0,0,0,0,0,0,0,0,0,0,0,0,0,0,0,0,0,0,0,0,0,0,0,0,0,0,0,225,252
170,85,3126,2954,2861,2950,4423,3019,3024,3019,0,0,0,0,0,0,0,0,0,0,0,0,0,0,0,0,0,0,0,0,0,0,0,0,0,0,0,98,252
170,85,3113,2927,2867,2933,4387,3019,2986,3022,0,0,0,0,0,0,0,0,0,0,0,0,0,0,0,0,0,0,0,0,0,0,0,0,0,0,0,110,252
170,85,3099,2951,2861,2934,4423,3043,3001,3002,0,0,0,0,0,0,0,0,0,0,0,0,0,0,0,0,0,0,0,0,0,0,0,0,0,0,0,130,252
170,85,3144,2922,2889,2945,4386,3009,3008,3018,0,0,0,0,0,0,0,0,0,0,0,0,0,0,0,0,0,0,0,0,0,0,0,0,0,0,0,225,252
170,85,3097,2933,2856,2923,4382,3020,2969,3040,0,0,0,0,0,0,0,0,0,0,0,0,0,0,0,0,0,0,0,0,0,0,0,0,0,0,0,102,252
170,85,3113,2921,2848,2945,4386,3017,2981,3040,0,0,0,0,0,0,0,0,0,0,0,0,0,0,0,0,0,0,0,0,0,0,0,0,0,0,0,173,252
170,85,3099,2949,2863,2952,4418,3036,2969,3040,0,0,0,0,0,0,0,0,0,0,0,0,0,0,0,0,0,0,0,0,0,0,0,0,0,0,0,60,252
170,85,3112,2934,2866,2972,4417,3003,2969,3017,0,0,0,0,0,0,0,0,0,0,0,0,0,0,0,0,0,0,0,0,0,0,0,0,0,0,0,184,252
170,85,3130,2928,2847,2932,4382,3020,2982,3019,0,0,0,0,0,0,0,0,0,0,0,0,0,0,0,0,0,0,0,0,0,0,0,0,0,0,0,124,252
170,85,3129,2920,2853,2946,4423,3003,3008,3012,0,0,0,0,0,0,0,0,0,0,0,0,0,0,0,0,0,0,0,0,0,0,0,0,0,0,0,236,252
170,85,3115,2934,2876,2934,4422,3043,2986,3040,0,0,0,0,0,0,0,0,0,0,0,0,0,0,0,0,0,0,0,0,0,0,0,0,0,0,0,26,252
170,85,3151,2953,2856,2969,4417,3043,2969,3041,0,0,0,0,0,0,0,0,0,0,0,0,0,0,0,0,0,0,0,0,0,0,0,0,0,0,0,79,252
170,85,3098,2938,2856,2944,4439,3008,2986,3019,0,0,0,0,0,0,0,0,0,0,0,0,0,0,0,0,0,0,0,0,0,0,0,0,0,0,0,220,251
170,85,3143,2953,2853,2954,4437,3004,2981,3018,0,0,0,0,0,0,0,0,0,0,0,0,0,0,0,0,0,0,0,0,0,0,0,0,0,0,0,5,252
170,85,3131,2939,2854,2962,4438,3020,2980,3000,0,0,0,0,0,0,0,0,0,0,0,0,0,0,0,0,0,0,0,0,0,0,0,0,0,0,0,144,252
170,85,3129,2953,2853,2945,4432,3021,3003,3014,0,0,0,0,0,0,0,0,0,0,0,0,0,0,0,0,0,0,0,0,0,0,0,0,0,0,0,22,252
170,85,3138,2921,2862,2949,4427,3022,2980,3017,0,0,0,0,0,0,0,0,0,0,0,0,0,0,0,0,0,0,0,0,0,0,0,0,0,0,0,138,252
170,85,3115,2934,2856,2930,4394,3020,2987,3000,0,0,0,0,0,0,0,0,0,0,0,0,0,0,0,0,0,0,0,0,0,0,0,0,0,0,0,16,252
170,85,3137,2938,2861,2932,4419,3014,2985,3013,0,0,0,0,0,0,0,0,0,0,0,0,0,0,0,0,0,0,0,0,0,0,0,0,0,0,0,105,252
170,85,3114,2928,2852,2931,4422,3036,2986,3006,0,0,0,0,0,0,0,0,0,0,0,0,0,0,0,0,0,0,0,0,0,0,0,0,0,0,0,97,252
170,85,3113,2933,2853,2939,4385,3025,2984,3018,0,0,0,0,0,0,0,0,0,0,0,0,0,0,0,0,0,0,0,0,0,0,0,0,0,0,0,114,252
170,85,3113,2936,2868,2950,4423,3018,2969,3022,0,0,0,0,0,0,0,0,0,0,0,0,0,0,0,0,0,0,0,0,0,0,0,0,0,0,0,219,252
170,85,3098,2938,2867,2934,4418,3019,2990,3001,0,0,0,0,0,0,0,0,0,0,0,0,0,0,0,0,0,0,0,0,0,0,0,0,0,0,0,89,252
170,85,3151,2935,2861,2971,4384,3043,2984,3019,0,0,0,0,0,0,0,0,0,0,0,0,0,0,0,0,0,0,0,0,0,0,0,0,0,0,0,204,251
170,85,3112,2934,2848,2934,4380,3034,3009,3043,0,0,0,0,0,0,0,0,0,0,0,0,0,0,0,0,0,0,0,0,0,0,0,0,0,0,0,14,251
170,85,3137,2953,2862,2949,4383,3021,2985,3031,0,0,0,0,0,0,0,0,0,0,0,0,0,0,0,0,0,0,0,0,0,0,0,0,0,0,0,45,251
170,85,3112,2933,2847,2966,4417,3008,2984,3001,0,0,0,0,0,0,0,0,0,0,0,0,0,0,0,0,0,0,0,0,0,0,0,0,0,0,0,166,251
170,85,3114,2960,2861,2960,4422,3036,2991,3007,0,0,0,0,0,0,0,0,0,0,0,0,0,0,0,0,0,0,0,0,0,0,0,0,0,0,0,111,251
170,85,3111,2921,2853,2949,4382,3008,2981,3034,0,0,0,0,0,0,0,0,0,0,0,0,0,0,0,0,0,0,0,0,0,0,0,0,0,0,0,173,251
170,85,3113,2934,2867,2973,4380,3041,2968,3014,0,0,0,0,0,0,0,0,0,0,0,0,0,0,0,0,0,0,0,0,0,0,0,0,0,0,0,176,250
170,85,3097,2938,2852,2965,4422,3020,3001,3033,0,0,0,0,0,0,0,0,0,0,0,0,0,0,0,0,0,0,0,0,0,0,0,0,0,0,0,218,250
170,85,3113,2938,2869,2966,4433,3044,2990,3005,0,0,0,0,0,0,0,0,0,0,0,0,0,0,0,0,0,0,0,0,0,0,0,0,0,0,0,180,250
170,85,3115,2928,2862,2946,4439,3019,2970,3040,0,0,0,0,0,0,0,0,0,0,0,0,0,0,0,0,0,0,0,0,0,0,0,0,0,0,0,243,250
170,85,3096,2959,2862,2949,4394,3019,3001,3039,0,0,0,0,0,0,0,0,0,0,0,0,0,0,0,0,0,0,0,0,0,0,0,0,0,0,0,89,251
170,85,3127,2921,2894,2944,4426,3019,2985,3022,0,0,0,0,0,0,0,0,0,0,0,0,0,0,0,0,0,0,0,0,0,0,0,0,0,0,0,148,252
170,85,3111,2961,2861,2925,4438,3035,2984,3032,0,0,0,0,0,0,0,0,0,0,0,0,0,0,0,0,0,0,0,0,0,0,0,0,0,0,0,233,252
170,85,3129,2950,2847,2938,4427,3019,2991,3017,0,0,0,0,0,0,0,0,0,0,0,0,0,0,0,0,0,0,0,0,0,0,0,0,0,0,0,222,252
170,85,3125,2949,2862,2939,4404,3002,2987,3012,0,0,0,0,0,0,0,0,0,0,0,0,0,0,0,0,0,0,0,0,0,0,0,0,0,0,0,230,252
170,85,3137,2922,2853,2950,4433,3008,2970,3017,0,0,0,0,0,0,0,0,0,0,0,0,0,0,0,0,0,0,0,0,0,0,0,0,0,0,0,168,252
170,85,3115,2938,2855,2933,4393,3008,3009,3000,0,0,0,0,0,0,0,0,0,0,0,0,0,0,0,0,0,0,0,0,0,0,0,0,0,0,0,113,252
170,85,3140,2960,2854,2974,4393,3017,3001,3002,0,0,0,0,0,0,0,0,0,0,0,0,0,0,0,0,0,0,0,0,0,0,0,0,0,0,0,109,251
170,85,3137,2921,2868,2947,4398,3041,2999,3028,0,0,0,0,0,0,0,0,0,0,0,0,0,0,0,0,0,0,0,0,0,0,0,0,0,0,0,209,251
170,85,3114,2921,2860,2965,4440,3018,2967,3034,0,0,0,0,0,0,0,0,0,0,0,0,0,0,0,0,0,0,0,0,0,0,0,0,0,0,0,199,251
170,85,3143,2933,2861,2933,4438,3026,2968,2995,0,0,0,0,0,0,0,0,0,0,0,0,0,0,0,0,0,0,0,0,0,0,0,0,0,0,0,39,251
170,85,3138,2950,2888,2930,4438,3020,2969,3019,0,0,0,0,0,0,0,0,0,0,0,0,0,0,0,0,0,0,0,0,0,0,0,0,0,0,0,212,251
170,85,3097,2949,2869,2973,4399,3026,2970,3007,0,0,0,0,0,0,0,0,0,0,0,0,0,0,0,0,0,0,0,0,0,0,0,0,0,0,0,14,252
170,85,3098,2938,2877,2961,4431,3002,3009,2999,0,0,0,0,0,0,0,0,0,0,0,0,0,0,0,0,0,0,0,0,0,0,0,0,0,0,0,173,251
170,85,3114,2921,2847,2931,4391,3049,2986,3001,0,0,0,0,0,0,0,0,0,0,0,0,0,0,0,0,0,0,0,0,0,0,0,0,0,0,0,16,251
170,85,3112,2919,2889,2945,4431,3019,2986,3002,0,0,0,0,0,0,0,0,0,0,0,0,0,0,0,0,0,0,0,0,0,0,0,0,0,0,0,241,251
170,85,3096,2937,2855,2940,4395,3019,2984,3018,0,0,0,0,0,0,0,0,0,0,0,0,0,0,0,0,0,0,0,0,0,0,0,0,0,0,0,90,251
170,85,3097,2953,2866,2947,4438,3004,2987,3001,0,0,0,0,0,0,0,0,0,0,0,0,0,0,0,0,0,0,0,0,0,0,0,0,0,0,0,59,251
170,85,3113,2929,2873,2932,4400,3036,2992,3013,0,0,0,0,0,0,0,0,0,0,0,0,0,0,0,0,0,0,0,0,0,0,0,0,0,0,0,110,251
170,85,3114,2948,2875,2974,4433,3037,3009,3007,0,0,0,0,0,0,0,0,0,0,0,0,0,0,0,0,0,0,0,0,0,0,0,0,0,0,0,27,251
170,85,3114,2933,2862,2957,4400,3021,2969,3004,0,0,0,0,0,0,0,0,0,0,0,0,0,0,0,0,0,0,0,0,0,0,0,0,0,0,0,198,251
170,85,3115,2937,2877,2945,4437,3016,3009,3021,0,0,0,0,0,0,0,0,0,0,0,0,0,0,0,0,0,0,0,0,0,0,0,0,0,0,0,157,251
170,85,3113,2921,2861,2934,4442,3059,2989,2995,0,0,0,0,0,0,0,0,0,0,0,0,0,0,0,0,0,0,0,0,0,0,0,0,0,0,0,78,251
170,85,3115,2968,2868,2934,4403,3002,2970,3004,0,0,0,0,0,0,0,0,0,0,0,0,0,0,0,0,0,0,0,0,0,0,0,0,0,0,0,188,251
170,85,3113,2920,2887,2971,4438,3022,3001,3018,0,0,0,0,0,0,0,0,0,0,0,0,0,0,0,0,0,0,0,0,0,0,0,0,0,0,0,148,251
170,85,3138,2934,2848,2933,4400,3019,3008,3007,0,0,0,0,0,0,0,0,0,0,0,0,0,0,0,0,0,0,0,0,0,0,0,0,0,0,0,7,251
170,85,3137,2920,2855,2966,4402,3021,2985,3018,0,0,0,0,0,0,0,0,0,0,0,0,0,0,0,0,0,0,0,0,0,0,0,0,0,0,0,230,251
170,85,3129,2932,2873,2972,4405,3025,2987,3017,0,0,0,0,0,0,0,0,0,0,0,0,0,0,0,0,0,0,0,0,0,0,0,0,0,0,0,140,251
170,85,3116,2933,2861,2940,4433,3019,2986,3018,0,0,0,0,0,0,0,0,0,0,0,0,0,0,0,0,0,0,0,0,0,0,0,0,0,0,0,16,251
170,85,3137,2953,2854,2931,4434,3021,3020,3018,0,0,0,0,0,0,0,0,0,0,0,0,0,0,0,0,0,0,0,0,0,0,0,0,0,0,0,230,251
170,85,3114,2938,2859,2964,4437,3003,2981,3001,0,0,0,0,0,0,0,0,0,0,0,0,0,0,0,0,0,0,0,0,0,0,0,0,0,0,0,255,251
170,85,3124,2949,2874,2974,4391,3036,2987,2991,0,0,0,0,0,0,0,0,0,0,0,0,0,0,0,0,0,0,0,0,0,0,0,0,0,0,0,8,251
170,85,3114,2954,2897,2950,4393,3018,2974,3023,0,0,0,0,0,0,0,0,0,0,0,0,0,0,0,0,0,0,0,0,0,0,0,0,0,0,0,39,252
170,85,3116,2960,2863,2936,4420,3042,2985,3008,0,0,0,0,0,0,0,0,0,0,0,0,0,0,0,0,0,0,0,0,0,0,0,0,0,0,0,198,252
170,85,3137,2954,2849,2959,4394,3042,3010,3022,0,0,0,0,0,0,0,0,0,0,0,0,0,0,0,0,0,0,0,0,0,0,0,0,0,0,0,67,252
170,85,3115,2938,2863,2962,4424,3057,3008,3007,0,0,0,0,0,0,0,0,0,0,0,0,0,0,0,0,0,0,0,0,0,0,0,0,0,0,0,200,252
170,85,3096,2947,2854,2939,4417,3019,3024,3020,0,0,0,0,0,0,0,0,0,0,0,0,0,0,0,0,0,0,0,0,0,0,0,0,0,0,0,178,252
170,85,3114,2938,2897,2932,4420,3020,2970,3000,0,0,0,0,0,0,0,0,0,0,0,0,0,0,0,0,0,0,0,0,0,0,0,0,0,0,0,61,252
170,85,3113,2960,2869,2948,4388,3020,2981,2996,0,0,0,0,0,0,0,0,0,0,0,0,0,0,0,0,0,0,0,0,0,0,0,0,0,0,0,19,252
170,85,3114,2950,2858,2963,4425,3002,3025,3033,0,0,0,0,0,0,0,0,0,0,0,0,0,0,0,0,0,0,0,0,0,0,0,0,0,0,0,12,252
170,85,3112,2949,2857,2925,4425,3041,2988,3013,0,0,0,0,0,0,0,0,0,0,0,0,0,0,0,0,0,0,0,0,0,0,0,0,0,0,0,202,252
170,85,3114,2938,2855,2947,4425,3019,2987,3014,0,0,0,0,0,0,0,0,0,0,0,0,0,0,0,0,0,0,0,0,0,0,0,0,0,0,0,249,252
170,85,3115,2934,2863,2941,4433,3042,2969,2993,0,0,0,0,0,0,0,0,0,0,0,0,0,0,0,0,0,0,0,0,0,0,0,0,0,0,0,118,252
170,85,3114,2932,2856,2951,4429,3009,2986,3013,0,0,0,0,0,0,0,0,0,0,0,0,0,0,0,0,0,0,0,0,0,0,0,0,0,0,0,240,252
170,85,3096,2920,2862,2944,4391,3021,2987,3028,0,0,0,0,0,0,0,0,0,0,0,0,0,0,0,0,0,0,0,0,0,0,0,0,0,0,0,169,252
170,85,3114,2961,2870,2958,4432,3009,2980,3032,0,0,0,0,0,0,0,0,0,0,0,0,0,0,0,0,0,0,0,0,0,0,0,0,0,0,0,12,252
170,85,3136,2938,2862,2937,4423,3002,3006,3013,0,0,0,0,0,0,0,0,0,0,0,0,0,0,0,0,0,0,0,0,0,0,0,0,0,0,0,9,252
170,85,3136,2933,2877,2932,4393,3019,2967,3018,0,0,0,0,0,0,0,0,0,0,0,0,0,0,0,0,0,0,0,0,0,0,0,0,0,0,0,33,252
170,85,3112,2949,2854,2924,4393,3021,3000,3007,0,0,0,0,0,0,0,0,0,0,0,0,0,0,0,0,0,0,0,0,0,0,0,0,0,0,0,230,252
170,85,3113,2950,2857,2931,4429,3019,2981,2981,0,0,0,0,0,0,0,0,0,0,0,0,0,0,0,0,0,0,0,0,0,0,0,0,0,0,0,145,253
170,85,3112,2964,2867,2938,4427,3036,2986,3034,0,0,0,0,0,0,0,0,0,0,0,0,0,0,0,0,0,0,0,0,0,0,0,0,0,0,0,240,253
170,85,3102,2949,2858,2941,4431,3021,3008,2990,0,0,0,0,0,0,0,0,0,0,0,0,0,0,0,0,0,0,0,0,0,0,0,0,0,0,0,194,253
170,85,3097,2927,2855,2959,4426,3035,3008,3018,0,0,0,0,0,0,0,0,0,0,0,0,0,0,0,0,0,0,0,0,0,0,0,0,0,0,0,167,253
170,85,3112,2925,2854,2957,4426,3021,2987,3002,0,0,0,0,0,0,0,0,0,0,0,0,0,0,0,0,0,0,0,0,0,0,0,0,0,0,0,154,253
170,85,3138,2946,2868,2930,4391,3058,2970,3004,0,0,0,0,0,0,0,0,0,0,0,0,0,0,0,0,0,0,0,0,0,0,0,0,0,0,0,151,253
170,85,3113,2921,2862,2941,4424,3018,2985,3033,0,0,0,0,0,0,0,0,0,0,0,0,0,0,0,0,0,0,0,0,0,0,0,0,0,0,0,3,253
170,85,3114,2967,2873,2956,4395,3018,2987,3041,0,0,0,0,0,0,0,0,0,0,0,0,0,0,0,0,0,0,0,0,0,0,0,0,0,0,0,65,253
170,85,3112,2933,2867,2969,4431,3009,2969,3008,0,0,0,0,0,0,0,0,0,0,0,0,0,0,0,0,0,0,0,0,0,0,0,0,0,0,0,194,254
170,85,3129,2960,2868,2926,4433,3042,3000,3028,0,0,0,0,0,0,0,0,0,0,0,0,0,0,0,0,0,0,0,0,0,0,0,0,0,0,0,206,254
170,85,3127,2922,2849,2963,4389,3019,2986,3008,0,0,0,0,0,0,0,0,0,0,0,0,0,0,0,0,0,0,0,0,0,0,0,0,0,0,0,137,254
170,85,3113,2934,2869,2969,4433,3043,3009,3041,0,0,0,0,0,0,0,0,0,0,0,0,0,0,0,0,0,0,0,0,0,0,0,0,0,0,0,131,254
170,85,3130,2939,2856,2943,4432,3008,2987,3032,0,0,0,0,0,0,0,0,0,0,0,0,0,0,0,0,0,0,0,0,0,0,0,0,0,0,0,23,253
170,85,3104,2961,2870,2929,4394,3020,2987,2999,0,0,0,0,0,0,0,0,0,0,0,0,0,0,0,0,0,0,0,0,0,0,0,0,0,0,0,238,254
170,85,3136,2953,2864,2936,4426,3034,3008,3034,0,0,0,0,0,0,0,0,0,0,0,0,0,0,0,0,0,0,0,0,0,0,0,0,0,0,0,233,254
170,85,3129,2940,2869,2937,4426,3037,2981,2990,0,0,0,0,0,0,0,0,0,0,0,0,0,0,0,0,0,0,0,0,0,0,0,0,0,0,0,119,254
170,85,3098,2934,2855,2937,4426,3021,2986,3019,0,0,0,0,0,0,0,0,0,0,0,0,0,0,0,0,0,0,0,0,0,0,0,0,0,0,0,54,253
170,85,3112,2928,2862,2952,4426,3017,2975,3034,0,0,0,0,0,0,0,0,0,0,0,0,0,0,0,0,0,0,0,0,0,0,0,0,0,0,0,218,254
170,85,3129,2962,2870,2931,4431,3048,2981,3008,0,0,0,0,0,0,0,0,0,0,0,0,0,0,0,0,0,0,0,0,0,0,0,0,0,0,0,206,254
170,85,3116,2928,2862,2945,4391,3018,3018,3012,0,0,0,0,0,0,0,0,0,0,0,0,0,0,0,0,0,0,0,0,0,0,0,0,0,0,0,242,254
170,85,3103,2921,2894,2942,4428,3036,3000,3017,0,0,0,0,0,0,0,0,0,0,0,0,0,0,0,0,0,0,0,0,0,0,0,0,0,0,0,69,254
170,85,3112,2920,2855,2927,4426,3014,2982,2998,0,0,0,0,0,0,0,0,0,0,0,0,0,0,0,0,0,0,0,0,0,0,0,0,0,0,0,118,254
170,85,3114,2953,2869,2938,4426,3014,2981,3017,0,0,0,0,0,0,0,0,0,0,0,0,0,0,0,0,0,0,0,0,0,0,0,0,0,0,0,238,254
170,85,3108,2954,2868,2978,4427,3019,3002,3007,0,0,0,0,0,0,0,0,0,0,0,0,0,0,0,0,0,0,0,0,0,0,0,0,0,0,0,95,254
170,85,3113,2939,2857,2941,4399,3042,3000,3018,0,0,0,0,0,0,0,0,0,0,0,0,0,0,0,0,0,0,0,0,0,0,0,0,0,0,0,91,254
170,85,3143,2933,2853,2964,4394,3021,3024,3012,0,0,0,0,0,0,0,0,0,0,0,0,0,0,0,0,0,0,0,0,0,0,0,0,0,0,0,146,254
170,85,3137,2933,2863,2940,4431,3043,2985,3042,0,0,0,0,0,0,0,0,0,0,0,0,0,0,0,0,0,0,0,0,0,0,0,0,0,0,0,98,254
170,85,3097,2967,2867,2962,4393,3019,2985,3057,0,0,0,0,0,0,0,0,0,0,0,0,0,0,0,0,0,0,0,0,0,0,0,0,0,0,0,119,254
170,85,3112,2934,2859,2931,4391,3035,3024,3013,0,0,0,0,0,0,0,0,0,0,0,0,0,0,0,0,0,0,0,0,0,0,0,0,0,0,0,13,254
170,85,3114,2919,2849,2925,4391,3042,2981,2995,0,0,0,0,0,0,0,0,0,0,0,0,0,0,0,0,0,0,0,0,0,0,0,0,0,0,0,48,254
170,85,3097,2951,2869,2956,4431,3003,2969,3011,0,0,0,0,0,0,0,0,0,0,0,0,0,0,0,0,0,0,0,0,0,0,0,0,0,0,0,107,254
170,85,3137,2928,2848,2963,4431,3008,3007,3013,0,0,0,0,0,0,0,0,0,0,0,0,0,0,0,0,0,0,0,0,0,0,0,0,0,0,0,149,254
170,85,3143,2934,2874,2974,4426,3021,2970,2997,0,0,0,0,0,0,0,0,0,0,0,0,0,0,0,0,0,0,0,0,0,0,0,0,0,0,0,223,254
170,85,3097,2954,2890,2931,4423,3058,2980,3009,0,0,0,0,0,0,0,0,0,0,0,0,0,0,0,0,0,0,0,0,0,0,0,0,0,0,0,152,254
170,85,3102,2928,2857,2969,4433,3019,3002,3019,0,0,0,0,0,0,0,0,0,0,0,0,0,0,0,0,0,0,0,0,0,0,0,0,0,0,0,215,254
170,85,3125,2920,2849,2971,4432,3020,2986,3001,0,0,0,0,0,0,0,0,0,0,0,0,0,0,0,0,0,0,0,0,0,0,0,0,0,0,0,138,254
170,85,3111,2954,2871,2975,4432,3021,3001,3001,0,0,0,0,0,0,0,0,0,0,0,0,0,0,0,0,0,0,0,0,0,0,0,0,0,0,0,122,254
170,85,3112,2954,2869,2950,4431,3022,2985,3041,0,0,0,0,0,0,0,0,0,0,0,0,0,0,0,0,0,0,0,0,0,0,0,0,0,0,0,58,254
170,85,3115,2938,2878,2964,4427,3022,2978,3042,0,0,0,0,0,0,0,0,0,0,0,0,0,0,0,0,0,0,0,0,0,0,0,0,0,0,0,220,254
170,85,3097,2967,2869,2938,4432,3019,2985,3019,0,0,0,0,0,0,0,0,0,0,0,0,0,0,0,0,0,0,0,0,0,0,0,0,0,0,0,218,254
170,85,3129,2929,2890,2942,4425,3019,2986,3018,0,0,0,0,0,0,0,0,0,0,0,0,0,0,0,0,0,0,0,0,0,0,0,0,0,0,0,124,254
170,85,3097,2936,2862,2952,4395,3021,2985,2999,0,0,0,0,0,0,0,0,0,0,0,0,0,0,0,0,0,0,0,0,0,0,0,0,0,0,0,221,254
170,85,3142,2921,2890,2961,4431,3017,3001,3000,0,0,0,0,0,0,0,0,0,0,0,0,0,0,0,0,0,0,0,0,0,0,0,0,0,0,0,145,254
170,85,3098,2958,2869,2971,4395,3035,3001,3019,0,0,0,0,0,0,0,0,0,0,0,0,0,0,0,0,0,0,0,0,0,0,0,0,0,0,0,90,254
170,85,3114,2960,2849,2950,4428,3019,2978,3000,0,0,0,0,0,0,0,0,0,0,0,0,0,0,0,0,0,0,0,0,0,0,0,0,0,0,0,98,254
170,85,3114,2933,2855,2923,4432,3003,2986,3019,0,0,0,0,0,0,0,0,0,0,0,0,0,0,0,0,0,0,0,0,0,0,0,0,0,0,0,123,254
170,85,3113,2928,2868,2950,4425,3019,2986,3000,0,0,0,0,0,0,0,0,0,0,0,0,0,0,0,0,0,0,0,0,0,0,0,0,0,0,0,153,254
170,85,3129,2922,2878,2973,4427,3041,3001,3000,0,0,0,0,0,0,0,0,0,0,0,0,0,0,0,0,0,0,0,0,0,0,0,0,0,0,0,185,254
170,85,3104,2939,2870,2937,4393,3032,2981,3029,0,0,0,0,0,0,0,0,0,0,0,0,0,0,0,0,0,0,0,0,0,0,0,0,0,0,0,119,254
170,85,3113,2920,2863,2950,4392,3018,2977,2999,0,0,0,0,0,0,0,0,0,0,0,0,0,0,0,0,0,0,0,0,0,0,0,0,0,0,0,254,254
170,85,3137,2934,2848,2935,4428,3036,2987,3001,0,0,0,0,0,0,0,0,0,0,0,0,0,0,0,0,0,0,0,0,0,0,0,0,0,0,0,0,254
170,85,3096,2961,2869,2970,4427,3022,3024,3041,0,0,0,0,0,0,0,0,0,0,0,0,0,0,0,0,0,0,0,0,0,0,0,0,0,0,0,112,254
170,85,3136,2954,2850,2948,4431,3019,2986,3002,0,0,0,0,0,0,0,0,0,0,0,0,0,0,0,0,0,0,0,0,0,0,0,0,0,0,0,26,254
170,85,3126,2934,2890,2943,4434,3003,2986,3007,0,0,0,0,0,0,0,0,0,0,0,0,0,0,0,0,0,0,0,0,0,0,0,0,0,0,0,107,254
170,85,3136,2967,2869,2952,4427,3035,2973,2978,0,0,0,0,0,0,0,0,0,0,0,0,0,0,0,0,0,0,0,0,0,0,0,0,0,0,0,39,254
170,85,3098,2960,2870,2945,4426,3018,2987,3013,0,0,0,0,0,0,0,0,0,0,0,0,0,0,0,0,0,0,0,0,0,0,0,0,0,0,0,49,254
170,85,3098,2961,2855,2951,4426,3021,2974,3015,0,0,0,0,0,0,0,0,0,0,0,0,0,0,0,0,0,0,0,0,0,0,0,0,0,0,0,23,254
170,85,3103,2962,2862,2925,4431,3020,2987,3002,0,0,0,0,0,0,0,0,0,0,0,0,0,0,0,0,0,0,0,0,0,0,0,0,0,0,0,190,254
170,85,3144,2948,2850,2979,4427,3020,3001,3017,0,0,0,0,0,0,0,0,0,0,0,0,0,0,0,0,0,0,0,0,0,0,0,0,0,0,0,88,254
170,85,3136,2918,2867,2964,4433,3022,2985,3027,0,0,0,0,0,0,0,0,0,0,0,0,0,0,0,0,0,0,0,0,0,0,0,0,0,0,0,134,254
170,85,3114,2949,2870,2938,4442,3035,3009,3012,0,0,0,0,0,0,0,0,0,0,0,0,0,0,0,0,0,0,0,0,0,0,0,0,0,0,0,133,254
170,85,3136,2926,2849,2950,4392,3022,2985,3012,0,0,0,0,0,0,0,0,0,0,0,0,0,0,0,0,0,0,0,0,0,0,0,0,0,0,0,224,254
170,85,3113,2922,2890,2945,4439,3032,3001,3013,0,0,0,0,0,0,0,0,0,0,0,0,0,0,0,0,0,0,0,0,0,0,0,0,0,0,0,153,254
170,85,3098,2952,2868,2932,4428,3019,3002,3028,0,0,0,0,0,0,0,0,0,0,0,0,0,0,0,0,0,0,0,0,0,0,0,0,0,0,0,217,254
170,85,3130,2961,2856,2951,4428,3019,2985,3040,0,0,0,0,0,0,0,0,0,0,0,0,0,0,0,0,0,0,0,0,0,0,0,0,0,0,0,40,254
170,85,3144,2959,2869,2938,4426,3020,2987,3017,0,0,0,0,0,0,0,0,0,0,0,0,0,0,0,0,0,0,0,0,0,0,0,0,0,0,0,142,254
170,85,3113,2932,2890,2934,4396,3042,2970,2990,0,0,0,0,0,0,0,0,0,0,0,0,0,0,0,0,0,0,0,0,0,0,0,0,0,0,0,121,254
170,85,3096,2934,2869,2944,4425,3019,3001,3028,0,0,0,0,0,0,0,0,0,0,0,0,0,0,0,0,0,0,0,0,0,0,0,0,0,0,0,214,254
170,85,3112,2921,2895,2942,4438,3019,2988,3002,0,0,0,0,0,0,0,0,0,0,0,0,0,0,0,0,0,0,0,0,0,0,0,0,0,0,0,25,254
170,85,3137,2933,2867,2955,4441,3018,3024,3012,0,0,0,0,0,0,0,0,0,0,0,0,0,0,0,0,0,0,0,0,0,0,0,0,0,0,0,233,254
170,85,3143,2929,2890,2929,4431,3035,2970,2988,0,0,0,0,0,0,0,0,0,0,0,0,0,0,0,0,0,0,0,0,0,0,0,0,0,0,0,77,254
170,85,3097,2938,2855,2968,4433,3003,2987,3007,0,0,0,0,0,0,0,0,0,0,0,0,0,0,0,0,0,0,0,0,0,0,0,0,0,0,0,192,254
170,85,3116,2921,2862,2933,4439,3024,2988,3032,0,0,0,0,0,0,0,0,0,0,0,0,0,0,0,0,0,0,0,0,0,0,0,0,0,0,0,15,254
170,85,3130,2938,2875,2945,4438,3019,3024,3041,0,0,0,0,0,0,0,0,0,0,0,0,0,0,0,0,0,0,0,0,0,0,0,0,0,0,0,180,254
170,85,3113,2947,2863,2925,4432,3036,3022,3000,0,0,0,0,0,0,0,0,0,0,0,0,0,0,0,0,0,0,0,0,0,0,0,0,0,0,0,240,254
170,85,3136,2967,2855,2960,4439,3058,2985,3028,0,0,0,0,0,0,0,0,0,0,0,0,0,0,0,0,0,0,0,0,0,0,0,0,0,0,0,90,254
170,85,3113,2937,2875,2972,4401,3035,2986,3007,0,0,0,0,0,0,0,0,0,0,0,0,0,0,0,0,0,0,0,0,0,0,0,0,0,0,0,234,254
170,85,3095,2934,2857,2963,4434,3004,2980,3017,0,0,0,0,0,0,0,0,0,0,0,0,0,0,0,0,0,0,0,0,0,0,0,0,0,0,0,186,253
170,85,3143,2934,2869,2969,4402,3020,2985,3031,0,0,0,0,0,0,0,0,0,0,0,0,0,0,0,0,0,0,0,0,0,0,0,0,0,0,0,255,253
170,85,3114,2933,2889,2943,4441,3019,2985,3018,0,0,0,0,0,0,0,0,0,0,0,0,0,0,0,0,0,0,0,0,0,0,0,0,0,0,0,122,253
170,85,3129,2949,2848,2971,4399,3022,3025,3001,0,0,0,0,0,0,0,0,0,0,0,0,0,0,0,0,0,0,0,0,0,0,0,0,0,0,0,108,253
170,85,3114,2928,2848,2971,4439,3044,3002,3020,0,0,0,0,0,0,0,0,0,0,0,0,0,0,0,0,0,0,0,0,0,0,0,0,0,0,0,198,253
170,85,3114,2934,2863,2937,4439,3008,3009,2999,0,0,0,0,0,0,0,0,0,0,0,0,0,0,0,0,0,0,0,0,0,0,0,0,0,0,0,9,253
170,85,3113,2922,2896,2931,4434,3035,2986,3028,0,0,0,0,0,0,0,0,0,0,0,0,0,0,0,0,0,0,0,0,0,0,0,0,0,0,0,117,253
170,85,3143,2949,2856,2951,4401,3021,2982,3017,0,0,0,0,0,0,0,0,0,0,0,0,0,0,0,0,0,0,0,0,0,0,0,0,0,0,0,28,253
170,85,3112,2953,2854,2946,4434,3009,2970,2998,0,0,0,0,0,0,0,0,0,0,0,0,0,0,0,0,0,0,0,0,0,0,0,0,0,0,0,88,253
170,85,3113,2921,2877,2963,4438,3009,2981,3029,0,0,0,0,0,0,0,0,0,0,0,0,0,0,0,0,0,0,0,0,0,0,0,0,0,0,0,235,253
170,85,3137,2933,2857,2931,4432,3021,2979,2990,0,0,0,0,0,0,0,0,0,0,0,0,0,0,0,0,0,0,0,0,0,0,0,0,0,0,0,28,253
170,85,3137,2934,2868,2943,4401,3035,3008,3019,0,0,0,0,0,0,0,0,0,0,0,0,0,0,0,0,0,0,0,0,0,0,0,0,0,0,0,127,253
170,85,3130,2960,2863,2964,4443,3042,2986,3016,0,0,0,0,0,0,0,0,0,0,0,0,0,0,0,0,0,0,0,0,0,0,0,0,0,0,0,40,253
170,85,3115,2933,2863,2953,4438,3042,2985,3040,0,0,0,0,0,0,0,0,0,0,0,0,0,0,0,0,0,0,0,0,0,0,0,0,0,0,0,231,253
170,85,3112,2934,2863,2953,4438,3022,2999,3030,0,0,0,0,0,0,0,0,0,0,0,0,0,0,0,0,0,0,0,0,0,0,0,0,0,0,0,227,253
170,85,3142,2939,2884,2931,4438,3021,3001,3000,0,0,0,0,0,0,0,0,0,0,0,0,0,0,0,0,0,0,0,0,0,0,0,0,0,0,0,114,253
170,85,3115,2929,2861,2937,4439,3022,3008,3020,0,0,0,0,0,0,0,0,0,0,0,0,0,0,0,0,0,0,0,0,0,0,0,0,0,0,0,121,253
170,85,3124,2921,2863,2936,4433,3058,2981,2982,0,0,0,0,0,0,0,0,0,0,0,0,0,0,0,0,0,0,0,0,0,0,0,0,0,0,0,72,253
170,85,3114,2925,2868,2956,4438,3022,2980,2997,0,0,0,0,0,0,0,0,0,0,0,0,0,0,0,0,0,0,0,0,0,0,0,0,0,0,0,148,253
170,85,3137,2926,2853,2967,4439,3023,3009,3029,0,0,0,0,0,0,0,0,0,0,0,0,0,0,0,0,0,0,0,0,0,0,0,0,0,0,0,243,253
170,85,3113,2960,2864,2936,4404,3034,3023,3028,0,0,0,0,0,0,0,0,0,0,0,0,0,0,0,0,0,0,0,0,0,0,0,0,0,0,0,230,253
170,85,3144,2967,2862,2945,4400,3058,3008,3030,0,0,0,0,0,0,0,0,0,0,0,0,0,0,0,0,0,0,0,0,0,0,0,0,0,0,0,70,253
170,85,3104,2928,2868,2936,4432,3022,2984,3034,0,0,0,0,0,0,0,0,0,0,0,0,0,0,0,0,0,0,0,0,0,0,0,0,0,0,0,18,253
170,85,3113,2933,2857,2936,4437,3022,2968,3014,0,0,0,0,0,0,0,0,0,0,0,0,0,0,0,0,0,0,0,0,0,0,0,0,0,0,0,42,253
170,85,3137,2921,2856,2931,4432,3019,3007,3041,0,0,0,0,0,0,0,0,0,0,0,0,0,0,0,0,0,0,0,0,0,0,0,0,0,0,0,84,253
170,85,3129,2950,2889,2945,4438,3058,3019,3007,0,0,0,0,0,0,0,0,0,0,0,0,0,0,0,0,0,0,0,0,0,0,0,0,0,0,0,69,253
170,85,3129,2921,2868,2964,4399,3058,2981,3034,0,0,0,0,0,0,0,0,0,0,0,0,0,0,0,0,0,0,0,0,0,0,0,0,0,0,0,176,253
170,85,3129,2933,2863,2924,4403,3019,2996,3029,0,0,0,0,0,0,0,0,0,0,0,0,0,0,0,0,0,0,0,0,0,0,0,0,0,0,0,116,253
170,85,3144,2938,2862,2936,4432,3020,3023,3018,0,0,0,0,0,0,0,0,0,0,0,0,0,0,0,0,0,0,0,0,0,0,0,0,0,0,0,31,253
170,85,3112,2953,2868,2931,4427,3042,2972,2988,0,0,0,0,0,0,0,0,0,0,0,0,0,0,0,0,0,0,0,0,0,0,0,0,0,0,0,157,253
170,85,3114,2935,2857,2948,4427,3036,2996,3028,0,0,0,0,0,0,0,0,0,0,0,0,0,0,0,0,0,0,0,0,0,0,0,0,0,0,0,229,253
170,85,3126,2948,2869,2942,4439,3058,2968,3027,0,0,0,0,0,0,0,0,0,0,0,0,0,0,0,0,0,0,0,0,0,0,0,0,0,0,0,245,253
170,85,3114,2940,2868,2938,4395,3021,3009,3000,0,0,0,0,0,0,0,0,0,0,0,0,0,0,0,0,0,0,0,0,0,0,0,0,0,0,0,101,253
170,85,3128,2953,2875,2931,4396,3041,3008,3017,0,0,0,0,0,0,0,0,0,0,0,0,0,0,0,0,0,0,0,0,0,0,0,0,0,0,0,223,253
170,85,3113,2921,2890,2963,4396,3048,2985,3017,0,0,0,0,0,0,0,0,0,0,0,0,0,0,0,0,0,0,0,0,0,0,0,0,0,0,0,223,253
170,85,3142,2966,2863,2936,4395,3019,3000,3032,0,0,0,0,0,0,0,0,0,0,0,0,0,0,0,0,0,0,0,0,0,0,0,0,0,0,0,229,253
170,85,3113,2933,2870,2971,4434,3020,3000,3041,0,0,0,0,0,0,0,0,0,0,0,0,0,0,0,0,0,0,0,0,0,0,0,0,0,0,0,212,253
170,85,3114,2936,2861,2932,4440,3019,2968,3006,0,0,0,0,0,0,0,0,0,0,0,0,0,0,0,0,0,0,0,0,0,0,0,0,0,0,0,92,253
170,85,3097,2928,2862,2956,4431,3008,3002,3040,0,0,0,0,0,0,0,0,0,0,0,0,0,0,0,0,0,0,0,0,0,0,0,0,0,0,0,252,253
170,85,3129,2920,2856,2949,4426,3019,2988,3007,0,0,0,0,0,0,0,0,0,0,0,0,0,0,0,0,0,0,0,0,0,0,0,0,0,0,0,140,253
170,85,3115,2954,2870,2963,4425,3022,2970,3010,0,0,0,0,0,0,0,0,0,0,0,0,0,0,0,0,0,0,0,0,0,0,0,0,0,0,0,57,253
170,85,3114,2928,2877,2937,4434,3019,2970,3015,0,0,0,0,0,0,0,0,0,0,0,0,0,0,0,0,0,0,0,0,0,0,0,0,0,0,0,56,253
170,85,3130,2928,2849,2932,4438,3012,2968,3024,0,0,0,0,0,0,0,0,0,0,0,0,0,0,0,0,0,0,0,0,0,0,0,0,0,0,0,39,253
170,85,3098,2948,2857,2924,4439,3020,2980,3024,0,0,0,0,0,0,0,0,0,0,0,0,0,0,0,0,0,0,0,0,0,0,0,0,0,0,0,214,253
170,85,3143,2927,2869,2943,4400,3033,2986,3041,0,0,0,0,0,0,0,0,0,0,0,0,0,0,0,0,0,0,0,0,0,0,0,0,0,0,0,34,253
170,85,3096,2920,2863,2943,4427,3001,2988,3029,0,0,0,0,0,0,0,0,0,0,0,0,0,0,0,0,0,0,0,0,0,0,0,0,0,0,0,73,253
170,85,3114,2938,2868,2964,4426,3058,3009,3002,0,0,0,0,0,0,0,0,0,0,0,0,0,0,0,0,0,0,0,0,0,0,0,0,0,0,0,209,253
170,85,3112,2938,2875,2956,4404,3018,2979,3031,0,0,0,0,0,0,0,0,0,0,0,0,0,0,0,0,0,0,0,0,0,0,0,0,0,0,0,141,253
170,85,3115,2948,2873,2933,4438,3043,2970,3009,0,0,0,0,0,0,0,0,0,0,0,0,0,0,0,0,0,0,0,0,0,0,0,0,0,0,0,239,253
170,85,3113,2921,2873,2945,4441,3041,3008,3008,0,0,0,0,0,0,0,0,0,0,0,0,0,0,0,0,0,0,0,0,0,0,0,0,0,0,0,162,253
170,85,3113,2939,2856,2931,4434,3018,2970,3000,0,0,0,0,0,0,0,0,0,0,0,0,0,0,0,0,0,0,0,0,0,0,0,0,0,0,0,81,253
170,85,3095,2920,2857,2956,4397,3017,3001,3014,0,0,0,0,0,0,0,0,0,0,0,0,0,0,0,0,0,0,0,0,0,0,0,0,0,0,0,163,253
170,85,3137,2922,2868,2924,4434,3020,3001,3041,0,0,0,0,0,0,0,0,0,0,0,0,0,0,0,0,0,0,0,0,0,0,0,0,0,0,0,87,253
170,85,3129,2922,2856,2951,4439,3003,2981,3000,0,0,0,0,0,0,0,0,0,0,0,0,0,0,0,0,0,0,0,0,0,0,0,0,0,0,0,239,253
170,85,3097,2940,2863,2924,4431,3016,2967,3000,0,0,0,0,0,0,0,0,0,0,0,0,0,0,0,0,0,0,0,0,0,0,0,0,0,0,0,108,253
170,85,3111,2935,2856,2964,4419,3057,2985,2990,0,0,0,0,0,0,0,0,0,0,0,0,0,0,0,0,0,0,0,0,0,0,0,0,0,0,0,187,253
170,85,3112,2917,2856,2942,4383,3013,3024,3007,0,0,0,0,0,0,0,0,0,0,0,0,0,0,0,0,0,0,0,0,0,0,0,0,0,0,0,76,253
170,85,3114,2919,2857,2936,4422,3041,3001,3019,0,0,0,0,0,0,0,0,0,0,0,0,0,0,0,0,0,0,0,0,0,0,0,0,0,0,0,43,253
170,85,3136,2938,2862,2952,4381,3034,2984,3018,0,0,0,0,0,0,0,0,0,0,0,0,0,0,0,0,0,0,0,0,0,0,0,0,0,0,0,219,253
170,85,3097,2940,2870,2957,4418,3019,2984,3029,0,0,0,0,0,0,0,0,0,0,0,0,0,0,0,0,0,0,0,0,0,0,0,0,0,0,0,200,252
170,85,3128,2920,2869,2943,4422,3020,2970,3023,0,0,0,0,0,0,0,0,0,0,0,0,0,0,0,0,0,0,0,0,0,0,0,0,0,0,0,39,252
170,85,3137,2925,2867,2951,4386,3008,2977,2999,0,0,0,0,0,0,0,0,0,0,0,0,0,0,0,0,0,0,0,0,0,0,0,0,0,0,0,142,252
170,85,3097,2953,2869,2937,4387,3007,2987,3033,0,0,0,0,0,0,0,0,0,0,0,0,0,0,0,0,0,0,0,0,0,0,0,0,0,0,0,208,252
170,85,3128,2960,2848,2971,4417,3019,2972,3022,0,0,0,0,0,0,0,0,0,0,0,0,0,0,0,0,0,0,0,0,0,0,0,0,0,0,0,41,252
170,85,3111,2953,2856,2936,4384,3034,3008,3032,0,0,0,0,0,0,0,0,0,0,0,0,0,0,0,0,0,0,0,0,0,0,0,0,0,0,0,254,252
170,85,3113,2920,2849,2965,4381,3020,2969,3008,0,0,0,0,0,0,0,0,0,0,0,0,0,0,0,0,0,0,0,0,0,0,0,0,0,0,0,159,252
170,85,3114,2938,2868,2939,4388,3007,3009,3027,0,0,0,0,0,0,0,0,0,0,0,0,0,0,0,0,0,0,0,0,0,0,0,0,0,0,0,116,252
170,85,3111,2934,2868,2956,4422,3034,2986,3007,0,0,0,0,0,0,0,0,0,0,0,0,0,0,0,0,0,0,0,0,0,0,0,0,0,0,0,130,252
170,85,3136,2933,2889,2939,4382,3020,3024,3033,0,0,0,0,0,0,0,0,0,0,0,0,0,0,0,0,0,0,0,0,0,0,0,0,0,0,0,62,252
170,85,3107,2949,2863,2941,4423,3008,2968,2984,0,0,0,0,0,0,0,0,0,0,0,0,0,0,0,0,0,0,0,0,0,0,0,0,0,0,0,161,252
170,85,3115,2960,2869,2925,4385,3008,3010,3019,0,0,0,0,0,0,0,0,0,0,0,0,0,0,0,0,0,0,0,0,0,0,0,0,0,0,0,233,253
170,85,3112,2920,2862,2936,4439,3003,2969,2989,0,0,0,0,0,0,0,0,0,0,0,0,0,0,0,0,0,0,0,0,0,0,0,0,0,0,0,44,253
170,85,3112,2933,2862,2962,4394,3008,2985,2994,0,0,0,0,0,0,0,0,0,0,0,0,0,0,0,0,0,0,0,0,0,0,0,0,0,0,0,242,253
170,85,3130,2953,2856,2951,4433,3022,3000,3039,0,0,0,0,0,0,0,0,0,0,0,0,0,0,0,0,0,0,0,0,0,0,0,0,0,0,0,6,253
170,85,3129,2935,2864,2926,4438,3035,3025,3010,0,0,0,0,0,0,0,0,0,0,0,0,0,0,0,0,0,0,0,0,0,0,0,0,0,0,0,108,253
170,85,3136,2960,2862,2937,4433,3018,2987,3009,0,0,0,0,0,0,0,0,0,0,0,0,0,0,0,0,0,0,0,0,0,0,0,0,0,0,0,148,253
170,85,3112,2962,2862,2931,4438,3008,3001,3029,0,0,0,0,0,0,0,0,0,0,0,0,0,0,0,0,0,0,0,0,0,0,0,0,0,0,0,255,253
170,85,3114,2921,2861,2968,4392,3019,3007,3027,0,0,0,0,0,0,0,0,0,0,0,0,0,0,0,0,0,0,0,0,0,0,0,0,0,0,0,155,253
170,85,3114,2933,2895,2956,4430,3035,2980,3022,0,0,0,0,0,0,0,0,0,0,0,0,0,0,0,0,0,0,0,0,0,0,0,0,0,0,0,129,252
170,85,3115,2948,2862,2951,4424,3019,2987,3023,0,0,0,0,0,0,0,0,0,0,0,0,0,0,0,0,0,0,0,0,0,0,0,0,0,0,0,3,252
170,85,3136,2920,2847,2940,4428,3022,2987,3039,0,0,0,0,0,0,0,0,0,0,0,0,0,0,0,0,0,0,0,0,0,0,0,0,0,0,0,95,253
170,85,3143,2928,2854,2952,4438,3017,2969,2990,0,0,0,0,0,0,0,0,0,0,0,0,0,0,0,0,0,0,0,0,0,0,0,0,0,0,0,211,252
170,85,3124,2949,2861,2924,4433,3059,3000,3020,0,0,0,0,0,0,0,0,0,0,0,0,0,0,0,0,0,0,0,0,0,0,0,0,0,0,0,196,252
170,85,3128,2934,2867,2955,4432,3021,3002,3034,0,0,0,0,0,0,0,0,0,0,0,0,0,0,0,0,0,0,0,0,0,0,0,0,0,0,0,233,252
170,85,3103,2963,2869,2952,4432,3020,2980,3034,0,0,0,0,0,0,0,0,0,0,0,0,0,0,0,0,0,0,0,0,0,0,0,0,0,0,0,49,252
170,85,3125,2922,2853,2931,4439,3020,2980,2983,0,0,0,0,0,0,0,0,0,0,0,0,0,0,0,0,0,0,0,0,0,0,0,0,0,0,0,115,252
170,85,3114,2928,2854,2938,4426,3008,3007,3001,0,0,0,0,0,0,0,0,0,0,0,0,0,0,0,0,0,0,0,0,0,0,0,0,0,0,0,104,252
170,85,3136,2934,2868,2958,4383,3035,3007,3018,0,0,0,0,0,0,0,0,0,0,0,0,0,0,0,0,0,0,0,0,0,0,0,0,0,0,0,223,252
170,85,3128,2920,2862,2961,4386,3034,2971,3034,0,0,0,0,0,0,0,0,0,0,0,0,0,0,0,0,0,0,0,0,0,0,0,0,0,0,0,180,252
170,85,3112,2949,2876,2939,4424,3002,2987,2996,0,0,0,0,0,0,0,0,0,0,0,0,0,0,0,0,0,0,0,0,0,0,0,0,0,0,0,229,252
170,85,3114,2938,2869,2936,4387,3018,2980,3000,0,0,0,0,0,0,0,0,0,0,0,0,0,0,0,0,0,0,0,0,0,0,0,0,0,0,0,10,252
170,85,3129,2929,2863,2943,4423,3020,3010,3013,0,0,0,0,0,0,0,0,0,0,0,0,0,0,0,0,0,0,0,0,0,0,0,0,0,0,0,118,252
170,85,3143,2922,2860,2938,4428,3017,2986,3008,0,0,0,0,0,0,0,0,0,0,0,0,0,0,0,0,0,0,0,0,0,0,0,0,0,0,0,118,252
